start_station_id,end_station_id,viajes,pct,pct_acum
191,191,23250,0.2441589564068623,0.2441589564068623
785,785,15091,0.1584775402639122,0.4026364966707745
307,307,11926,0.12524041781110706,0.5278769144818816
303,303,11866,0.12461033018167003,0.6524872446635516
248,248,10741,0.11279618712972507,0.7652834317932766
111,111,10159,0.10668433712418554,0.8719677689174622
404,404,5755,0.06043590512350505,0.9324036740409672
191,248,5141,0.053988008382265765,0.986391682423233
789,789,5033,0.05285385064927905,1.039245533072512
248,191,4909,0.05155166954844245,1.0907972026209545
191,303,4734,0.04971391396258435,1.1405111165835389
307,404,4681,0.0491573365565816,1.1896684531401205
307,191,4403,0.046237930540189875,1.2359063836803104
213,213,4350,0.045681353134187135,1.2815877368144974
303,191,4272,0.044862239215918955,1.3264499760304165
350,350,4165,0.04373858294342286,1.3701885589738394
404,307,3961,0.041596285003336834,1.4117848439771763
191,307,3769,0.03958000458913823,1.4513648485663144
191,300,3384,0.03553694230025041,1.486901790866565
671,729,3246,0.034087740752545156,1.52098953161911
786,785,3226,0.03387771154273281,1.5548672431618429
307,303,3193,0.033531163346542416,1.5883984065083854
300,300,3157,0.03315311076888018,1.6215515172772657
625,625,2912,0.03058025294867884,1.6521317702259446
789,785,2882,0.03026520913396031,1.682396979359905
785,789,2855,0.029981669700713625,1.7123786490606185
191,111,2832,0.02974013610942942,1.742118785170048
404,191,2806,0.029467098136673357,1.7715858833067213
300,191,2797,0.0293725849922578,1.800958468298979
303,111,2788,0.02927807184784224,1.8302365401468212
785,786,2715,0.02851146523202714,1.8587480053788483
111,191,2712,0.028479960850555295,1.8872279662294036
111,248,2669,0.028028398049458732,1.9152563642788623
315,315,2600,0.027303797275606105,1.9425601615544683
303,248,2593,0.02723028705217178,1.96979044860664
303,307,2577,0.027062263684321897,1.9968527122909618
248,111,2512,0.026379668752431744,2.0232323810433934
729,671,2449,0.02571807674152283,2.0489504577849162
787,787,2430,0.02551854899220109,2.074469006777117
350,191,2421,0.02542403584778553,2.099893042624903
191,350,2304,0.024195364970383257,2.1240884075952864
350,307,2272,0.02385931823468349,2.1479477258299697
248,303,2216,0.023271236447208896,2.1712189622771785
191,404,2212,0.023229230605246422,2.194448192882425
248,307,2185,0.022945691171999745,2.2173938840544247
784,784,2177,0.022861679488074802,2.2402555635424997
154,71,2173,0.022819673646112332,2.263075237188612
785,783,2132,0.022389113765997004,2.285464350954609
111,303,2112,0.022179084556184652,2.3076434355107938
436,14,2083,0.02187454220195674,2.3295179777127504
46,458,2040,0.021422979400860177,2.3509409571136106
154,48,2038,0.021401976479878942,2.3723429335934894
14,436,2015,0.02116044288859473,2.393503376482084
114,114,1978,0.020771888850441875,2.414275265332526
762,213,1869,0.019627229656964545,2.4339024949894905
786,786,1838,0.019301684381755394,2.453204179371246
225,661,1829,0.01920717123733983,2.4724113506085854
433,14,1818,0.01909165517194304,2.4915030057805283
783,785,1817,0.01908115371145242,2.5105841594919807
183,74,1794,0.018839620120168214,2.529423779612149
404,303,1784,0.018734605515262036,2.548158385127411
74,183,1768,0.01856658214741215,2.5667249672748236
153,153,1737,0.018241036872203003,2.5849660041470264
14,109,1719,0.018052010583371882,2.6030180147303983
213,248,1715,0.018010004741409413,2.6210280194718076
564,130,1711,0.01796799889944694,2.6389960183712544
213,191,1689,0.01773696676865335,2.6567329851399077
356,428,1689,0.01773696676865335,2.674469951908561
644,707,1687,0.017715963847672114,2.6921859157562333
14,433,1672,0.01755844194031285,2.7097443576965463
762,762,1663,0.01746392879589729,2.7272082864924436
154,579,1649,0.01731690834902864,2.744525194841472
71,154,1631,0.017127882060197525,2.76165307690167
14,66,1616,0.016970360152838256,2.778623437054508
14,71,1614,0.016949357231857018,2.795572794286365
661,225,1614,0.016949357231857018,2.812522151518222
707,635,1605,0.01685484408744146,2.8293769956056636
428,356,1601,0.01681283824547899,2.8461898338511427
154,136,1592,0.01671832510106343,2.862908158952206
675,735,1588,0.01667631925910096,2.879584478211307
350,303,1584,0.016634313417138488,2.896218791628445
553,717,1582,0.016613310496157253,2.9128321021246024
101,154,1580,0.01659230757517602,2.9294244096997786
248,300,1561,0.01639277982585428,2.945817189525633
707,644,1558,0.016361275444382428,2.962178464970015
300,307,1556,0.01634027252340119,2.9785187374934163
717,553,1550,0.016277263760457485,2.994796001253874
154,101,1542,0.016193252076532542,3.0109892533304063
307,248,1537,0.016140744774079455,3.0271299981044857
789,786,1537,0.016140744774079455,3.043270742878565
784,786,1531,0.016077736011135747,3.0593484788897007
307,350,1525,0.016014727248192043,3.075363206137893
14,159,1522,0.01598322286672019,3.091346429004613
613,687,1518,0.015941217024757717,3.107287646029371
109,14,1509,0.015846703880342157,3.123134349909713
300,248,1509,0.015846703880342157,3.1389810537900553
458,46,1502,0.015773193656907835,3.154754247446963
213,307,1498,0.015731187814945365,3.1704854352619085
132,251,1486,0.01560517028905795,3.1860906055509663
303,300,1472,0.015458149842189302,3.201548755393156
46,488,1468,0.01541614400022683,3.216964899393383
57,14,1461,0.015342633776792508,3.232307533170175
687,613,1457,0.015300627934830037,3.2476081611050054
787,785,1444,0.015164108948452005,3.2627722700534574
783,790,1441,0.015132604566980155,3.2779048746204373
732,298,1439,0.015111601645998918,3.2930164762664362
130,564,1409,0.014796557831280385,3.3078130340977165
685,621,1407,0.01477555491029915,3.322588589008016
307,300,1406,0.014765053449808531,3.3373536424578245
635,707,1402,0.01472304760784606,3.3520766900656707
790,783,1396,0.014660038844902355,3.366736728910573
138,138,1392,0.014618033002939883,3.381354761913513
213,762,1392,0.014618033002939883,3.395972794916453
579,154,1381,0.014502516937543088,3.4104753118539963
374,66,1373,0.014418505253618147,3.4248938171076144
154,66,1352,0.014197974583315176,3.4390917916909296
313,14,1341,0.01408245851791838,3.453174250208848
154,55,1340,0.014071957057427762,3.467246207266276
303,404,1340,0.014071957057427762,3.481318164323704
613,647,1340,0.014071957057427762,3.495390121381132
307,111,1336,0.01402995121546529,3.509420072596597
300,111,1319,0.013851426387124789,3.523271498983722
154,703,1317,0.013830423466143552,3.5371019224498657
350,404,1315,0.013809420545162317,3.550911342995028
46,453,1309,0.013746411782218613,3.564657754777247
154,104,1306,0.013714907400746759,3.5783726621779937
55,154,1304,0.013693904479765524,3.5920665666577594
786,789,1302,0.013672901558784287,3.6057394682165436
785,787,1295,0.013599391335349962,3.6193388595518936
636,671,1294,0.013588889874859345,3.632927749426753
111,307,1288,0.01352588111191564,3.6464536305386686
39,251,1287,0.013515379651425023,3.6599690101900935
492,499,1286,0.013504878190934405,3.673473888381028
772,624,1280,0.013441869427990697,3.6869157578090186
624,772,1274,0.01337886066504699,3.7002946184740657
499,492,1273,0.013368359204556372,3.7136629776786223
786,784,1262,0.013252843139159578,3.7269158208177817
154,217,1260,0.013231840218178343,3.74014766103596
710,710,1255,0.013179332915725255,3.7533269939516853
154,427,1254,0.013168831455234635,3.76649582540692
12,14,1253,0.013158329994744018,3.7796541554016643
14,57,1252,0.0131478285342534,3.7928019839359175
194,193,1249,0.01311632415278155,3.805918308088699
680,638,1246,0.013084819771309696,3.8190031278600087
541,541,1245,0.013074318310819079,3.832077446170828
785,788,1245,0.013074318310819079,3.845151764481647
379,225,1244,0.01306381685032846,3.8582155813319754
692,692,1241,0.013032312468856607,3.871247893800832
350,111,1239,0.01301130954787537,3.8842592033487073
735,675,1239,0.01301130954787537,3.8972705128965828
788,785,1237,0.012990306626894136,3.9102608195234767
159,14,1235,0.012969303705912899,3.9232301232293896
663,622,1219,0.012801280338063017,3.9360314035674526
225,379,1215,0.012759274496100545,3.948790678063553
300,303,1209,0.012696265733156837,3.96148694379671
701,638,1209,0.012696265733156837,3.974183209529867
154,199,1207,0.012675262812175604,3.9868584723420426
68,14,1204,0.012643758430703752,3.9995022307727464
298,732,1203,0.012633256970213133,4.01213548774296
88,14,1197,0.012570248207269426,4.024705735950229
452,458,1196,0.012559746746778809,4.037265482697007
14,64,1185,0.012444230681382014,4.049709713378389
215,154,1182,0.012412726299910162,4.0621224396783
111,300,1180,0.012391723378928925,4.074514163057229
303,350,1178,0.01237072045794769,4.086884883515176
14,68,1176,0.012349717536966454,4.099234601052142
136,154,1176,0.012349717536966454,4.1115843185891086
459,459,1162,0.012202697090097804,4.1237870156792065
248,404,1160,0.01218169416911657,4.135968709848323
350,248,1160,0.01218169416911657,4.14815040401744
622,663,1155,0.01212918686666348,4.1602795908841035
222,191,1148,0.012055676643229157,4.172335267527333
14,24,1146,0.012034673722247922,4.184369941249581
126,154,1146,0.012034673722247922,4.196404614971828
737,769,1145,0.012024172261757305,4.2084287872335855
215,66,1141,0.011982166419794833,4.2204109536533805
668,668,1139,0.011961163498813597,4.232372117152194
48,154,1135,0.011919157656851127,4.244291274809045
229,229,1132,0.011887653275379273,4.256178928084425
217,732,1129,0.011856148893907419,4.268035076978332
458,452,1129,0.011856148893907419,4.27989122587224
638,701,1129,0.011856148893907419,4.291747374766148
772,676,1128,0.011845647433416802,4.303593022199565
193,194,1127,0.011835145972926186,4.315428168172491
154,587,1126,0.011824644512435567,4.327252812684926
737,723,1123,0.011793140130963714,4.33904595281589
251,154,1122,0.011782638670473095,4.350828591486363
160,160,1120,0.01176163574949186,4.362590227235855
786,790,1120,0.01176163574949186,4.374351862985347
119,574,1117,0.011730131368020006,4.386081994353367
817,74,1116,0.01171962990752939,4.397801624260896
107,73,1110,0.011656621144585683,4.409458245405482
712,492,1110,0.011656621144585683,4.4211148665500675
199,154,1109,0.011646119684095065,4.432760986234163
104,154,1108,0.011635618223604448,4.444396604457768
55,71,1107,0.01162511676311383,4.456021721220881
621,685,1107,0.01162511676311383,4.467646837983994
195,194,1105,0.011604113842132596,4.479250951826127
638,680,1098,0.01153060361869827,4.490781555444825
756,756,1098,0.01153060361869827,4.502312159063524
191,153,1096,0.011509600697717035,4.513821759761241
761,707,1096,0.011509600697717035,4.525331360458957
191,213,1093,0.011478096316245183,4.536809456775202
682,682,1091,0.011457093395263946,4.548266550170466
251,132,1089,0.011436090474282712,4.559702640644749
596,636,1075,0.011289070027414062,4.570991710672163
562,14,1073,0.011268067106432827,4.582259777778596
111,350,1072,0.01125756564594221,4.593517343424538
230,194,1062,0.011152551041036032,4.604669894465574
552,202,1062,0.011152551041036032,4.61582244550661
213,300,1061,0.011142049580545415,4.626964495087155
154,546,1060,0.011131548120054797,4.63809604320721
248,350,1055,0.011079040817601707,4.649175084024812
356,573,1054,0.01106853935711109,4.660243623381922
154,340,1053,0.011058037896620472,4.671301661278543
191,762,1053,0.011058037896620472,4.682359699175163
374,193,1053,0.011058037896620472,4.693417737071783
671,636,1051,0.011037034975639237,4.704454772047423
71,55,1046,0.010984527673186148,4.715439299720609
206,206,1038,0.010900515989261207,4.726339815709871
303,138,1038,0.010900515989261207,4.737240331699132
14,81,1036,0.01087951306827997,4.7481198447674124
24,14,1036,0.01087951306827997,4.758999357835693
725,772,1034,0.010858510147298736,4.769857867982991
658,658,1033,0.010848008686808117,4.780705876669799
800,800,1033,0.010848008686808117,4.791553885356607
71,14,1028,0.01079550138435503,4.802349386740962
130,130,1024,0.010753495542392558,4.813102882283355
587,154,1023,0.01074299408190194,4.823845876365256
492,712,1022,0.010732492621411321,4.8345783689866675
213,303,1019,0.010700988239939471,4.845279357226607
74,817,1013,0.010637979476995763,4.855917336703603
404,111,1011,0.010616976556014528,4.866534313259617
154,215,1009,0.010595973635033293,4.8771302868946504
94,194,999,0.010490959030127115,4.887621245924778
252,252,999,0.010490959030127115,4.898112204954905
144,270,995,0.010448953188164644,4.90856115814307
719,719,995,0.010448953188164644,4.919010111331235
485,485,994,0.010438451727674027,4.929448563058909
14,12,992,0.01041744880669279,4.939866011865601
229,130,986,0.010354440043749085,4.950220451909351
647,613,985,0.010343938583258466,4.9605643904926096
112,154,984,0.010333437122767849,4.970897827615377
404,248,979,0.01028092982031476,4.981178757435692
579,374,978,0.010270428359824143,4.991449185795516
132,132,975,0.01023892397835229,5.001688109773869
217,194,975,0.01023892397835229,5.0119270337522215
227,12,974,0.010228422517861671,5.022155456270083
14,88,972,0.010207419596880436,5.032362875866963
404,350,969,0.010175915215408582,5.042538791082372
732,217,968,0.010165413754917965,5.05270420483729
574,73,962,0.010102404991974259,5.062806609829264
14,313,960,0.010081402070993024,5.072888011900257
769,737,959,0.010070900610502405,5.082958912510759
153,191,950,0.009976387466086846,5.092935299976846
498,470,949,0.009965886005596229,5.102901185982442
222,222,946,0.009934381624124375,5.112835567606567
271,271,943,0.009902877242652522,5.122738444849219
553,326,939,0.00986087140069005,5.132599316249909
14,357,937,0.009839868479708816,5.142439184729618
213,404,936,0.009829367019218197,5.152268551748836
546,154,936,0.009829367019218197,5.162097918768055
644,682,934,0.009808364098236964,5.171906282866292
676,772,934,0.009808364098236964,5.181714646964529
589,405,928,0.009745355335293256,5.191460002299823
138,248,926,0.00972435241431202,5.201184354714135
177,228,924,0.009703349493330786,5.210887704207466
194,197,924,0.009703349493330786,5.220591053700797
343,343,924,0.009703349493330786,5.2302944031941285
213,341,922,0.00968234657234955,5.239976749766478
788,784,921,0.009671845111858932,5.2496485948783365
428,307,920,0.009661343651368315,5.259309938529705
303,762,917,0.00962983926989646,5.268939777799601
99,99,913,0.00958783342793399,5.278527611227535
691,723,912,0.009577331967443373,5.288104943194978
488,46,905,0.009503821744009048,5.297608764938987
607,644,904,0.00949332028351843,5.307102085222506
405,589,899,0.009440812981065342,5.316542898203571
154,126,897,0.009419810060084107,5.325962708263655
154,251,897,0.009419810060084107,5.3353825183237396
154,509,897,0.009419810060084107,5.344802328383824
405,573,897,0.009419810060084107,5.354222138443908
553,446,896,0.009409308599593488,5.363631447043502
471,498,895,0.00939880713910287,5.373030254182605
737,738,894,0.009388305678612253,5.382418559861217
573,356,893,0.009377804218121635,5.391796364079339
14,15,890,0.009346299836649783,5.401142663915989
154,9,890,0.009346299836649783,5.4104889637526385
553,553,889,0.009335798376159164,5.419824762128798
191,138,888,0.009325296915668546,5.429150059044466
453,46,888,0.009325296915668546,5.438475355960135
66,154,887,0.009314795455177929,5.447790151415313
421,66,887,0.009314795455177929,5.457104946870491
17,14,880,0.009241285231743605,5.466346232102234
38,157,880,0.009241285231743605,5.475587517333977
213,350,880,0.009241285231743605,5.484828802565721
446,553,880,0.009241285231743605,5.494070087797464
428,428,879,0.009230783771252988,5.503300871568717
481,481,879,0.009230783771252988,5.51253165533997
14,762,878,0.009220282310762369,5.521751937650732
427,154,875,0.009188777929290516,5.530940715580023
574,119,875,0.009188777929290516,5.540129493509314
64,14,874,0.009178276468799897,5.549307769978114
202,552,874,0.009178276468799897,5.558486046446914
225,758,870,0.009136270626837428,5.567622317073751
11,14,869,0.00912576916634681,5.576748086240098
193,374,868,0.009115267705856193,5.585863353945954
203,154,868,0.009115267705856193,5.59497862165181
154,263,864,0.009073261863893721,5.604051883515704
730,644,864,0.009073261863893721,5.613125145379598
329,329,863,0.009062760403403102,5.622187905783002
788,788,863,0.009062760403403102,5.631250666186405
393,154,858,0.009010253100950015,5.640260919287355
449,202,858,0.009010253100950015,5.649271172388305
613,634,858,0.009010253100950015,5.658281425489255
707,696,858,0.009010253100950015,5.667291678590205
14,335,857,0.008999751640459398,5.676291430230664
73,132,857,0.008999751640459398,5.685291181871124
251,399,857,0.008999751640459398,5.694290933511583
14,372,855,0.008978748719478161,5.703269682231062
573,405,855,0.008978748719478161,5.71224843095054
787,786,855,0.008978748719478161,5.721227179670018
81,14,853,0.008957745798496926,5.7301849254685155
117,272,852,0.008947244338006307,5.739132169806521
613,666,851,0.00893674287751569,5.748068912684037
553,132,850,0.008926241417025072,5.7569951541010616
723,691,849,0.008915739956534456,5.765910894057596
22,14,848,0.008905238496043837,5.77481613255364
357,14,847,0.00889473703555322,5.783710869589193
270,144,846,0.008884235575062602,5.7925951051642555
303,153,846,0.008884235575062602,5.801479340739318
194,195,844,0.008863232654081366,5.8103425733934
467,499,844,0.008863232654081366,5.819205806047481
15,14,842,0.008842229733100131,5.828048035780582
73,107,840,0.008821226812118894,5.836869262592701
268,558,839,0.008810725351628277,5.845679987944329
341,213,837,0.008789722430647042,5.854469710374976
14,364,836,0.008779220970156425,5.863248931345132
217,154,836,0.008779220970156425,5.872028152315289
248,138,836,0.008779220970156425,5.880807373285445
307,428,833,0.00874771658868457,5.88955508987413
154,193,832,0.008737215128193953,5.898292305002324
520,478,832,0.008737215128193953,5.907029520130519
14,11,830,0.008716212207212718,5.915745732337731
470,498,830,0.008716212207212718,5.924461944544944
315,271,829,0.0087057107467221,5.9331676552916655
541,213,829,0.0087057107467221,5.941873366038387
191,428,827,0.008684707825740866,5.950558073864128
117,270,826,0.008674206365250247,5.9592322802293785
108,14,825,0.00866370490475963,5.967895985134138
489,552,824,0.008653203444269012,5.9765491885784074
374,71,823,0.008642701983778395,5.985191890562186
758,225,822,0.008632200523287776,5.993824091085474
14,116,821,0.008621699062797158,6.002445790148271
732,251,820,0.00861119760230654,6.011056987750577
14,67,818,0.008590194681325304,6.019647182431902
141,14,818,0.008590194681325304,6.028237377113228
298,298,818,0.008590194681325304,6.036827571794553
510,469,818,0.008590194681325304,6.045417766475878
66,14,817,0.008579693220834688,6.0539974596967125
213,233,815,0.008558690299853452,6.062556149996566
265,428,815,0.008558690299853452,6.07111484029642
386,14,814,0.008548188839362834,6.079663029135783
335,14,812,0.0085271859183816,6.088190215054165
599,707,812,0.0085271859183816,6.096717400972547
154,54,811,0.00851668445789098,6.105234085430437
374,101,811,0.00851668445789098,6.113750769888328
785,784,811,0.00851668445789098,6.122267454346218
790,786,809,0.008495681536909746,6.130763135883128
326,553,807,0.008474678615928509,6.139237814499056
25,66,806,0.008464177155437893,6.147701991654494
98,14,806,0.008464177155437893,6.156166168809932
703,154,805,0.008453675694947276,6.164619844504879
138,191,804,0.008443174234456657,6.173063018739336
620,638,803,0.00843267277396604,6.181495691513303
18,14,801,0.008411669852984804,6.189907361366288
340,154,801,0.008411669852984804,6.198319031219272
491,282,801,0.008411669852984804,6.2067307010722566
768,768,800,0.008401168392494185,6.21513186946475
356,356,797,0.008369664011022333,6.223501533475773
374,48,797,0.008369664011022333,6.231871197486795
202,449,796,0.008359162550531716,6.240230360037327
321,706,792,0.008317156708569244,6.248547516745896
300,404,789,0.00828565232709739,6.256833169072993
636,596,789,0.00828565232709739,6.26511882140009
682,607,788,0.008275150866606773,6.273393972266697
723,737,788,0.008275150866606773,6.2816691231333035
169,169,786,0.008254147945625538,6.289923271078929
553,39,785,0.00824364648513492,6.298166917564064
558,190,785,0.00824364648513492,6.306410564049199
46,217,784,0.008233145024644303,6.314643709073843
772,602,784,0.008233145024644303,6.322876854098488
86,270,783,0.008222643564153686,6.331099497662642
132,73,782,0.008212142103663066,6.339311639766305
307,213,782,0.008212142103663066,6.347523781869969
521,521,782,0.008212142103663066,6.355735923973632
552,489,782,0.008212142103663066,6.363948066077295
154,331,781,0.008201640643172449,6.372149706720468
195,154,780,0.008191139182681832,6.38034084590315
310,270,780,0.008191139182681832,6.388531985085831
111,404,775,0.008138631880228743,6.39667061696606
787,789,774,0.008128130419738125,6.404798747385798
361,48,773,0.008117628959247508,6.412916376345046
154,112,771,0.008096626038266271,6.4210130023833125
199,48,771,0.008096626038266271,6.429109628421579
469,510,771,0.008096626038266271,6.437206254459846
398,398,770,0.008086124577775654,6.445292379037621
541,191,770,0.008086124577775654,6.453378503615396
248,153,769,0.008075623117285036,6.461454126732681
666,613,769,0.008075623117285036,6.469529749849966
253,253,768,0.008065121656794419,6.47759487150676
203,14,767,0.008054620196303802,6.485649491703064
260,14,766,0.008044118735813182,6.493693610438877
786,787,766,0.008044118735813182,6.50173772917469
248,213,765,0.008033617275322565,6.509771346450012
361,66,765,0.008033617275322565,6.517804963725335
77,433,764,0.008023115814831948,6.525828079540167
315,343,764,0.008023115814831948,6.533851195354999
773,154,763,0.00801261435434133,6.541863809709341
478,520,761,0.007991611433360095,6.549855421142701
457,457,760,0.007981109972869478,6.55783653111557
498,471,759,0.007970608512378859,6.565807139627949
101,66,758,0.007960107051888241,6.573767246679837
798,66,758,0.007960107051888241,6.581727353731725
167,330,757,0.007949605591397624,6.589676959323122
85,732,754,0.00791810120992577,6.597595060533048
622,740,754,0.00791810120992577,6.605513161742974
203,55,753,0.007907599749435154,6.613420761492409
160,213,752,0.007897098288944535,6.621317859781354
233,213,752,0.007897098288944535,6.629214958070299
301,14,750,0.0078760953679633,6.6370910534382626
558,360,750,0.0078760953679633,6.644967148806226
107,95,747,0.007844590986491446,6.652811739792718
512,578,747,0.007844590986491446,6.660656330779209
197,194,746,0.007834089526000829,6.6684904203052096
251,732,746,0.007834089526000829,6.67632450983121
364,14,745,0.007823588065510211,6.6841480978967205
397,397,745,0.007823588065510211,6.691971685962231
399,251,743,0.007802585144528975,6.69977427110676
740,622,743,0.007802585144528975,6.707576856251289
509,154,742,0.007792083684038358,6.715368939935328
524,524,742,0.007792083684038358,6.723161023619366
194,801,741,0.007781582223547741,6.730942605842914
251,39,741,0.007781582223547741,6.738724188066462
411,223,740,0.007771080763057122,6.74649526882952
749,553,738,0.007750077842075887,6.7542453466715955
789,787,738,0.007750077842075887,6.761995424513671
84,154,737,0.007739576381585269,6.769735000895256
270,117,737,0.007739576381585269,6.777474577276841
42,73,735,0.0077185734606040335,6.785193150737445
144,272,735,0.0077185734606040335,6.792911724198049
194,217,735,0.0077185734606040335,6.800630297658653
785,721,735,0.0077185734606040335,6.808348871119257
157,38,734,0.007708072000113415,6.816056943119371
404,300,733,0.007697570539622798,6.823754513658994
789,790,733,0.007697570539622798,6.831452084198617
225,29,732,0.0076870690791321795,6.839139153277749
717,717,732,0.0076870690791321795,6.846826222356881
707,761,731,0.007676567618641563,6.854502789975523
39,717,730,0.0076660661581509455,6.862168856133675
492,492,729,0.007655564697660327,6.869824420831335
790,790,729,0.007655564697660327,6.8774799855289945
691,769,728,0.00764506323716971,6.885125048766164
784,785,727,0.0076345617766790915,6.892759610542843
14,108,725,0.007613558855697856,6.900373169398541
428,191,725,0.007613558855697856,6.907986728254238
190,558,724,0.007603057395207238,6.915589785649446
499,467,722,0.007582054474226003,6.923171840123672
553,749,720,0.007561051553244768,6.930732891676917
804,25,720,0.007561051553244768,6.938293943230162
154,195,718,0.007540048632263532,6.9458339918624254
213,111,718,0.007540048632263532,6.953374040494689
307,392,716,0.007519045711282296,6.960893086205971
392,405,716,0.007519045711282296,6.968412131917253
671,727,716,0.007519045711282296,6.975931177628535
221,190,714,0.007498042790301061,6.983429220418836
67,154,713,0.007487541329810443,6.990916761748647
14,17,712,0.007477039869319825,6.998393801617967
374,703,711,0.0074665384088292075,7.005860340026796
354,354,710,0.007456036948338591,7.013316376975135
634,613,710,0.007456036948338591,7.020772413923474
780,780,710,0.007456036948338591,7.028228450871813
492,460,709,0.007445535487847973,7.035673986359661
732,202,707,0.007424532566866737,7.043098518926527
811,811,707,0.007424532566866737,7.050523051493394
157,142,705,0.007403529645885501,7.057926581139279
532,532,705,0.007403529645885501,7.0653301107851645
374,546,704,0.007393028185394884,7.072723138970559
732,130,704,0.007393028185394884,7.080116167155954
374,9,703,0.0073825267249042655,7.087498693880859
47,47,701,0.00736152380392303,7.094860217684782
772,725,701,0.00736152380392303,7.102221741488705
356,373,700,0.007351022343432412,7.109572763832138
465,73,700,0.007351022343432412,7.116923786175571
479,132,700,0.007351022343432412,7.1242748085190035
564,564,699,0.007340520882941796,7.131615329401946
631,74,699,0.007340520882941796,7.138955850284888
732,215,699,0.007340520882941796,7.14629637116783
505,492,698,0.0073300194224511775,7.153626390590281
14,141,697,0.00731951796196056,7.160945908552241
321,269,695,0.007298515040979324,7.168244423593221
603,270,695,0.007298515040979324,7.1755429386342
732,85,695,0.007298515040979324,7.182841453675179
12,227,693,0.007277512119998089,7.190118965795177
217,229,693,0.007277512119998089,7.197396477915175
682,644,693,0.007277512119998089,7.2046739900351735
14,341,692,0.00726701065950747,7.211941000694681
55,203,692,0.00726701065950747,7.219208011354189
14,22,690,0.007246007738526235,7.226454019092715
104,374,690,0.007246007738526235,7.233700026831242
213,541,689,0.007235506278035618,7.240935533109278
613,293,689,0.007235506278035618,7.248171039387314
784,787,688,0.007225004817545001,7.255396044204859
188,188,687,0.007214503357054383,7.262610547561913
361,71,686,0.007204001896563765,7.269814549458476
206,491,685,0.007193500436073147,7.277008049894549
39,553,683,0.007172497515091912,7.284180547409641
681,681,682,0.0071619960546012934,7.291342543464243
695,574,682,0.0071619960546012934,7.298504539518844
564,762,681,0.007151494594110675,7.305656034112955
157,155,680,0.007140993133620058,7.312797027246575
333,277,680,0.007140993133620058,7.319938020380196
492,505,680,0.007140993133620058,7.327079013513816
234,574,679,0.00713049167312944,7.334209505186946
607,682,679,0.00713049167312944,7.341339996860076
671,597,679,0.00713049167312944,7.348470488533206
117,435,678,0.007119990212638824,7.355590478745844
233,233,676,0.007098987291657588,7.3626894660375015
784,788,676,0.007098987291657588,7.369788453329159
553,695,675,0.00708848583116697,7.376876939160326
638,620,675,0.00708848583116697,7.3839654249914926
321,278,674,0.007077984370676352,7.391043409362169
644,730,674,0.007077984370676352,7.398121393732845
194,230,673,0.007067482910185734,7.405188876643031
14,301,672,0.007056981449695117,7.412245858092726
558,177,672,0.007056981449695117,7.419302839542421
18,154,671,0.007046479989204498,7.426349319531626
27,229,671,0.007046479989204498,7.433395799520831
788,786,671,0.007046479989204498,7.440442279510036
270,558,670,0.007035978528713881,7.44747825803875
762,191,670,0.007035978528713881,7.454514236567464
264,14,668,0.007014975607732645,7.461529212175196
425,34,668,0.007014975607732645,7.468544187782928
140,154,667,0.007004474147242029,7.47554866193017
341,14,667,0.007004474147242029,7.482553136077412
539,512,667,0.007004474147242029,7.4895576102246535
564,213,667,0.007004474147242029,7.496562084371895
568,397,667,0.007004474147242029,7.503566558519137
809,154,666,0.00699397268675141,7.510560531205888
132,553,665,0.006983471226260793,7.517544002432149
116,14,664,0.006972969765770175,7.524516972197919
787,784,664,0.006972969765770175,7.531489941963689
9,374,663,0.006962468305279557,7.5384524102689685
462,34,663,0.006962468305279557,7.545414878574248
558,268,663,0.006962468305279557,7.552377346879528
695,695,663,0.006962468305279557,7.559339815184807
445,251,662,0.006951966844788939,7.566291782029596
574,331,662,0.006951966844788939,7.573243748874385
591,591,662,0.006951966844788939,7.580195715719174
623,735,662,0.006951966844788939,7.587147682563963
405,405,660,0.006930963923807703,7.594078646487771
191,99,657,0.006899459542335851,7.600978106030107
732,278,656,0.006888958081845233,7.607867064111952
737,618,656,0.006888958081845233,7.614756022193797
331,154,654,0.006867955160863998,7.621623977354661
14,203,652,0.006846952239882762,7.628470929594544
132,479,652,0.006846952239882762,7.6353178818344265
374,55,652,0.006846952239882762,7.642164834074309
217,193,651,0.006836450779392144,7.649001284853702
341,341,651,0.006836450779392144,7.655837735633094
154,3,650,0.006825949318901526,7.662663684951996
374,579,650,0.006825949318901526,7.669489634270898
345,658,649,0.006815447858410908,7.676305082129309
85,85,648,0.0068049463979202906,7.68311002852723
154,67,648,0.0068049463979202906,7.68991497492515
547,551,647,0.006794444937429672,7.69670941986258
492,500,646,0.006783943476939056,7.703493363339518
727,671,645,0.006773442016448438,7.710266805355967
772,714,644,0.00676294055595782,7.717029745911924
217,810,643,0.0067524390954672026,7.7237821850073916
229,773,643,0.0067524390954672026,7.730534624102859
703,374,643,0.0067524390954672026,7.737287063198326
751,154,643,0.0067524390954672026,7.744039502293793
34,425,642,0.006741937634976584,7.75078143992877
262,194,641,0.006731436174485967,7.757512876103256
271,315,641,0.006731436174485967,7.764244312277742
638,653,641,0.006731436174485967,7.770975748452228
737,780,641,0.006731436174485967,7.777707184626714
421,112,640,0.0067209347139953485,7.78442811934071
710,638,639,0.006710433253504731,7.791138552594215
14,400,638,0.006699931793014113,7.7978384843872295
61,197,638,0.006699931793014113,7.804538416180244
154,84,638,0.006699931793014113,7.8112383479732586
692,553,638,0.006699931793014113,7.817938279766273
716,510,638,0.006699931793014113,7.824638211559288
762,14,638,0.006699931793014113,7.831338143352302
129,14,637,0.006689430332523495,7.838027573684825
303,213,637,0.006689430332523495,7.844717004017348
66,55,635,0.0066684274115422605,7.8513854314288904
109,109,635,0.0066684274115422605,7.8580538588404325
270,86,635,0.0066684274115422605,7.864722286251975
625,710,635,0.0066684274115422605,7.871390713663517
154,203,634,0.006657925951051643,7.878048639614568
479,486,634,0.006657925951051643,7.88470656556562
521,522,634,0.006657925951051643,7.891364491516671
46,552,633,0.006647424490561025,7.898011916007232
372,14,633,0.006647424490561025,7.904659340497793
769,691,633,0.006647424490561025,7.911306764988354
790,789,633,0.006647424490561025,7.917954189478915
307,138,632,0.006636923030070407,7.924591112508986
229,213,631,0.006626421569579789,7.931217534078566
154,27,630,0.006615920109089172,7.937833454187655
202,732,630,0.006615920109089172,7.944449374296744
9,154,629,0.006605418648598553,7.951054792945343
374,194,629,0.006605418648598553,7.957660211593942
684,684,627,0.006584415727617318,7.964244627321559
807,225,626,0.0065739142671267,7.970818541588685
193,154,624,0.006552911346145465,7.977371452934831
350,300,624,0.006552911346145465,7.983924364280976
459,522,624,0.006552911346145465,7.990477275627121
184,14,623,0.006542409885654848,7.997019685512776
671,615,622,0.00653190842516423,8.00355159393794
14,264,621,0.006521406964673612,8.010073000902613
574,95,621,0.006521406964673612,8.016594407867286
622,442,621,0.006521406964673612,8.023115814831959
202,46,620,0.006510905504182994,8.029626720336141
300,350,620,0.006510905504182994,8.036137625840324
374,84,620,0.006510905504182994,8.042648531344506
574,574,620,0.006510905504182994,8.049159436848688
217,374,619,0.0065004040436923765,8.05565984089238
270,360,619,0.0065004040436923765,8.062160244936072
650,622,619,0.0065004040436923765,8.068660648979764
14,562,618,0.006489902583201758,8.075150551562965
361,101,618,0.006489902583201758,8.081640454146166
411,411,618,0.006489902583201758,8.088130356729367
48,199,617,0.006479401122711141,8.094609757852078
130,229,616,0.0064688996622205225,8.101078657514298
534,553,616,0.0064688996622205225,8.107547557176519
191,233,614,0.0064478967412392885,8.113995453917758
374,104,614,0.0064478967412392885,8.120443350658997
374,136,614,0.0064478967412392885,8.126891247400236
253,41,613,0.00643739528074867,8.133328642680985
272,144,613,0.00643739528074867,8.139766037961733
309,130,613,0.00643739528074867,8.146203433242482
488,552,613,0.00643739528074867,8.15264082852323
12,154,612,0.006426893820258053,8.159067722343488
293,613,612,0.006426893820258053,8.165494616163746
14,386,611,0.0064163923597674345,8.171911008523514
706,272,611,0.0064163923597674345,8.178327400883282
25,804,610,0.006405890899276817,8.184733291782559
154,773,610,0.006405890899276817,8.191139182681836
335,154,610,0.006405890899276817,8.197545073581113
374,215,610,0.006405890899276817,8.20395096448039
785,790,610,0.006405890899276817,8.210356855379667
329,114,609,0.006395389438786199,8.216752244818453
213,229,608,0.006384887978295581,8.223137132796749
442,622,607,0.006374386517804963,8.229511519314554
455,477,607,0.006374386517804963,8.23588590583236
738,737,607,0.006374386517804963,8.242260292350165
6,14,605,0.006353383596823727,8.24861367594699
225,807,605,0.006353383596823727,8.254967059543814
320,270,605,0.006353383596823727,8.261320443140638
393,331,604,0.00634288213633311,8.267663325276972
696,707,604,0.00634288213633311,8.274006207413306
819,819,604,0.00634288213633311,8.28034908954964
11,433,603,0.006332380675842493,8.286681470225483
166,166,603,0.006332380675842493,8.293013850901326
552,46,603,0.006332380675842493,8.29934623157717
583,583,603,0.006332380675842493,8.305678612253013
692,719,603,0.006332380675842493,8.312010992928856
421,703,601,0.006311377754861258,8.318322370683717
788,789,600,0.006300876294370639,8.324623246978087
73,574,599,0.006290374833880022,8.330913621811966
84,374,599,0.006290374833880022,8.337203996645846
251,194,599,0.006290374833880022,8.343494371479725
230,278,598,0.0062798733733894045,8.349774244853114
446,718,598,0.0062798733733894045,8.356054118226503
510,716,598,0.0062798733733894045,8.362333991599892
343,315,597,0.006269371912898786,8.36860336351279
558,270,597,0.006269371912898786,8.374872735425688
717,39,597,0.006269371912898786,8.381142107338587
762,541,597,0.006269371912898786,8.387411479251485
432,432,596,0.006258870452408168,8.393670349703893
55,374,595,0.0062483689919175505,8.39991871869581
73,465,594,0.006237867531426933,8.406156586227237
213,428,593,0.0062273660709363165,8.412383952298173
428,265,593,0.0062273660709363165,8.41861131836911
601,591,593,0.0062273660709363165,8.424838684440045
804,457,593,0.0062273660709363165,8.431066050510982
154,95,590,0.0061958616894644625,8.437261912200446
225,742,590,0.0061958616894644625,8.44345777388991
405,133,590,0.0061958616894644625,8.449653635579375
682,681,590,0.0061958616894644625,8.45584949726884
539,251,589,0.006185360228973845,8.462034857497814
87,237,588,0.006174858768483227,8.468209716266298
649,649,588,0.006174858768483227,8.474384575034781
361,579,587,0.006164357307992609,8.480548932342774
547,532,587,0.006164357307992609,8.486713289650767
602,772,587,0.006164357307992609,8.49287764695876
54,154,586,0.006153855847501991,8.499031502806263
154,120,585,0.006143354387011374,8.505174857193275
272,104,585,0.006143354387011374,8.511318211580287
142,157,583,0.006122351466030138,8.517440563046318
73,246,582,0.006111850005539521,8.523552413051858
272,117,582,0.006111850005539521,8.529664263057398
374,246,582,0.006111850005539521,8.535776113062939
460,492,582,0.006111850005539521,8.54188796306848
591,601,582,0.006111850005539521,8.54799981307402
644,607,582,0.006111850005539521,8.55411166307956
126,14,581,0.006101348545048902,8.560213011624608
368,368,581,0.006101348545048902,8.566314360169656
374,195,581,0.006101348545048902,8.572415708714704
154,360,580,0.006090847084558285,8.578506555799262
217,71,580,0.006090847084558285,8.58459740288382
29,225,579,0.006080345624067667,8.590677748507886
101,374,579,0.006080345624067667,8.596758094131953
789,788,579,0.006080345624067667,8.60283843975602
39,39,578,0.00606984416357705,8.608908283919597
578,512,578,0.00606984416357705,8.614978128083173
695,553,578,0.00606984416357705,8.62104797224675
14,18,576,0.006048841242595814,8.627096813489345
551,547,576,0.006048841242595814,8.63314565473194
732,810,576,0.006048841242595814,8.639194495974536
14,229,575,0.006038339782105196,8.64523283575664
14,306,575,0.006038339782105196,8.651271175538746
202,202,575,0.006038339782105196,8.65730951532085
246,73,575,0.006038339782105196,8.663347855102955
710,5,574,0.0060278383216145785,8.66937569342457
547,547,573,0.006017336861123961,8.675393030285694
214,66,572,0.006006835400633343,8.681399865686327
491,206,572,0.006006835400633343,8.68740670108696
153,303,571,0.005996333940142725,8.693403035027103
223,223,571,0.005996333940142725,8.699399368967246
818,732,571,0.005996333940142725,8.705395702907389
154,18,570,0.005985832479652107,8.71138153538704
194,272,570,0.005985832479652107,8.717367367866693
446,512,570,0.005985832479652107,8.723353200346345
14,594,569,0.00597533101916149,8.729328531365507
307,762,569,0.00597533101916149,8.735303862384669
213,153,568,0.005964829558670872,8.74126869194334
278,202,568,0.005964829558670872,8.747233521502011
196,272,567,0.005954328098180255,8.753187849600192
448,469,567,0.005954328098180255,8.759142177698372
541,303,567,0.005954328098180255,8.765096505796553
658,5,567,0.005954328098180255,8.771050833894734
681,682,567,0.005954328098180255,8.777005161992914
721,785,567,0.005954328098180255,8.782959490091095
361,55,565,0.005933325177199019,8.788892815268294
512,539,565,0.005933325177199019,8.794826140445494
303,99,564,0.005922823716708401,8.800748964162203
362,34,564,0.005922823716708401,8.806671787878912
28,28,563,0.005912322256217783,8.81258411013513
427,215,562,0.005901820795727166,8.818485930930859
679,638,562,0.005901820795727166,8.824387751726587
27,154,561,0.005891319335236548,8.830279071061822
194,194,561,0.005891319335236548,8.836170390397058
14,184,559,0.005870316414255312,8.842040706811312
154,194,559,0.005870316414255312,8.847911023225567
177,558,558,0.005859814953764695,8.853770838179331
229,217,558,0.005859814953764695,8.859630653133095
481,811,558,0.005859814953764695,8.86549046808686
347,194,557,0.005849313493274077,8.871339781580133
540,540,557,0.005849313493274077,8.877189095073406
153,307,556,0.00583881203278346,8.88302790710619
326,326,556,0.00583881203278346,8.888866719138973
762,341,556,0.00583881203278346,8.894705531171756
239,81,555,0.005828310572292841,8.900533841744048
270,603,555,0.005828310572292841,8.90636215231634
730,730,555,0.005828310572292841,8.912190462888633
194,374,554,0.005817809111802224,8.918008272000435
246,101,554,0.005817809111802224,8.923826081112237
732,732,554,0.005817809111802224,8.929643890224039
732,818,554,0.005817809111802224,8.935461699335841
82,14,553,0.005807307651311606,8.941269006987152
130,762,553,0.005807307651311606,8.947076314638464
331,393,553,0.005807307651311606,8.952883622289775
457,804,553,0.005807307651311606,8.958690929941087
153,248,552,0.005796806190820989,8.964487736131908
272,194,551,0.005786304730330371,8.970274040862238
46,451,550,0.005775803269839753,8.976049844132078
680,680,550,0.005775803269839753,8.981825647401918
462,804,549,0.005765301809349135,8.987590949211267
46,115,548,0.005754800348858518,8.993345749560126
14,354,547,0.0057442988883679,8.999090048448494
222,303,547,0.0057442988883679,9.004834347336862
454,481,545,0.0057232959673866645,9.01055764330425
772,772,545,0.0057232959673866645,9.016280939271637
248,428,544,0.005712794506896046,9.021993733778533
595,666,544,0.005712794506896046,9.02770652828543
14,260,543,0.005702293046405429,9.033408821331836
194,154,543,0.005702293046405429,9.039111114378242
404,213,543,0.005702293046405429,9.044813407424648
574,695,543,0.005702293046405429,9.050515700471054
810,194,543,0.005702293046405429,9.05621799351746
68,214,542,0.005691791585914811,9.061909785103376
133,97,542,0.005691791585914811,9.067601576689292
138,303,542,0.005691791585914811,9.073293368275207
154,393,542,0.005691791585914811,9.078985159861123
14,129,541,0.005681290125424194,9.084666449986548
95,107,541,0.005681290125424194,9.090347740111973
112,374,541,0.005681290125424194,9.096029030237398
579,55,541,0.005681290125424194,9.101710320362823
597,671,541,0.005681290125424194,9.107391610488248
374,251,540,0.005670788664933576,9.113062399153181
579,361,540,0.005670788664933576,9.118733187818114
753,753,540,0.005670788664933576,9.124403976483046
130,46,539,0.005660287204442958,9.130064263687489
154,732,539,0.005660287204442958,9.135724550891931
452,452,539,0.005660287204442958,9.141384838096373
522,521,539,0.005660287204442958,9.147045125300815
552,488,539,0.005660287204442958,9.152705412505258
553,574,539,0.005660287204442958,9.1583656997097
711,707,539,0.005660287204442958,9.164025986914142
14,194,538,0.00564978574395234,9.169675772658094
22,154,538,0.00564978574395234,9.175325558402045
155,157,538,0.00564978574395234,9.180975344145997
195,374,538,0.00564978574395234,9.186625129889949
326,107,538,0.00564978574395234,9.1922749156339
405,392,538,0.00564978574395234,9.197924701377852
66,374,537,0.0056392842834617225,9.203563985661313
154,127,537,0.0056392842834617225,9.209203269944775
307,153,537,0.0056392842834617225,9.214842554228236
361,104,536,0.005628782822971105,9.220471337051206
74,74,535,0.005618281362480487,9.226089618413686
270,320,535,0.005618281362480487,9.231707899776167
185,185,534,0.005607779901989869,9.237315679678156
270,310,534,0.005607779901989869,9.242923459580146
427,251,534,0.005607779901989869,9.248531239482135
111,213,533,0.005597278441499251,9.254128517923634
191,341,533,0.005597278441499251,9.259725796365133
269,321,533,0.005597278441499251,9.265323074806632
300,213,533,0.005597278441499251,9.270920353248131
762,303,533,0.005597278441499251,9.27651763168963
85,194,532,0.005586776981008634,9.282104408670639
373,356,532,0.005586776981008634,9.287691185651648
810,732,532,0.005586776981008634,9.293277962632656
46,202,530,0.005565774060027399,9.298843736692683
446,719,530,0.005565774060027399,9.304409510752711
431,25,529,0.0055552725995367805,9.309964783352248
459,785,529,0.0055552725995367805,9.315520055951785
638,679,529,0.0055552725995367805,9.321075328551322
766,675,529,0.0055552725995367805,9.326630601150859
14,226,528,0.005544771139046163,9.332175372289905
432,307,528,0.005544771139046163,9.337720143428951
719,446,528,0.005544771139046163,9.343264914567998
114,271,527,0.005534269678555545,9.348799184246554
693,693,527,0.005534269678555545,9.35433345392511
707,711,527,0.005534269678555545,9.359867723603665
453,452,526,0.005523768218064927,9.36539149182173
512,446,526,0.005523768218064927,9.370915260039796
621,735,526,0.005523768218064927,9.376439028257861
405,757,525,0.00551326675757431,9.381952295015436
561,478,525,0.00551326675757431,9.387465561773011
584,584,525,0.00551326675757431,9.392978828530586
695,42,525,0.00551326675757431,9.39849209528816
742,225,525,0.00551326675757431,9.404005362045735
66,101,524,0.005502765297083692,9.40950812734282
733,733,524,0.005502765297083692,9.415010892639904
789,784,524,0.005502765297083692,9.420513657936988
95,154,523,0.005492263836593074,9.426005921773582
330,167,523,0.005492263836593074,9.431498185610176
14,6,522,0.005481762376102456,9.436979947986279
120,154,522,0.005481762376102456,9.442461710362382
154,135,522,0.005481762376102456,9.447943472738485
192,14,522,0.005481762376102456,9.453425235114588
194,94,522,0.005481762376102456,9.458906997490692
247,247,522,0.005481762376102456,9.464388759866795
425,98,522,0.005481762376102456,9.469870522242898
572,25,522,0.005481762376102456,9.475352284619001
717,251,522,0.005481762376102456,9.480834046995104
786,788,522,0.005481762376102456,9.486315809371208
818,194,522,0.005481762376102456,9.49179757174731
193,217,521,0.0054712609156118384,9.497268832662924
225,650,521,0.0054712609156118384,9.502740093578536
214,71,520,0.005460759455121221,9.508200853033657
345,700,520,0.005460759455121221,9.513661612488777
581,14,519,0.005450257994630604,9.519111870483407
658,356,519,0.005450257994630604,9.524562128478037
492,33,518,0.005439756534139985,9.530001885012176
496,496,518,0.005439756534139985,9.535441641546315
587,564,518,0.005439756534139985,9.540881398080455
633,633,518,0.005439756534139985,9.546321154614594
22,11,517,0.005429255073649368,9.551750409688243
392,356,517,0.005429255073649368,9.557179664761891
393,101,517,0.005429255073649368,9.56260891983554
479,58,517,0.005429255073649368,9.568038174909189
664,638,517,0.005429255073649368,9.573467429982838
732,154,517,0.005429255073649368,9.578896685056487
749,749,517,0.005429255073649368,9.584325940130135
200,39,516,0.00541875361315875,9.589744693743294
361,193,516,0.00541875361315875,9.595163447356452
436,55,516,0.00541875361315875,9.60058220096961
452,453,516,0.00541875361315875,9.606000954582768
452,488,516,0.00541875361315875,9.611419708195927
527,293,516,0.00541875361315875,9.616838461809085
696,392,516,0.00541875361315875,9.622257215422243
785,459,516,0.00541875361315875,9.627675969035401
133,405,515,0.005408252152668132,9.633084221188069
751,14,515,0.005408252152668132,9.638492473340737
14,581,514,0.005397750692177515,9.643890224032914
150,150,514,0.005397750692177515,9.649287974725091
154,594,514,0.005397750692177515,9.654685725417268
157,274,514,0.005397750692177515,9.660083476109445
298,194,514,0.005397750692177515,9.665481226801623
300,138,514,0.005397750692177515,9.6708789774938
300,153,514,0.005397750692177515,9.676276728185977
405,216,514,0.005397750692177515,9.681674478878154
154,276,513,0.005387249231686897,9.68706172810984
39,512,512,0.005376747771196279,9.692438475881037
478,561,512,0.005376747771196279,9.697815223652233
68,55,511,0.005366246310705661,9.703181469962939
580,580,511,0.005366246310705661,9.708547716273644
432,191,510,0.005355744850215044,9.71390346112386
458,130,510,0.005355744850215044,9.719259205974074
784,789,510,0.005355744850215044,9.72461495082429
812,784,510,0.005355744850215044,9.729970695674504
16,12,509,0.005345243389724426,9.735315939064229
246,154,509,0.005345243389724426,9.740661182453954
374,217,509,0.005345243389724426,9.746006425843678
477,455,509,0.005345243389724426,9.751351669233403
546,374,509,0.005345243389724426,9.756696912623127
815,194,509,0.005345243389724426,9.762042156012852
166,303,508,0.0053347419292338084,9.767376897942086
278,278,508,0.0053347419292338084,9.77271163987132
308,194,508,0.0053347419292338084,9.778046381800554
488,452,508,0.0053347419292338084,9.783381123729788
547,570,508,0.0053347419292338084,9.788715865659022
596,723,508,0.0053347419292338084,9.794050607588256
707,655,508,0.0053347419292338084,9.79938534951749
104,552,507,0.00532424046874319,9.804709589986233
248,762,507,0.00532424046874319,9.810033830454977
622,650,507,0.00532424046874319,9.81535807092372
148,190,506,0.005313739008252573,9.820671809931973
255,255,506,0.005313739008252573,9.825985548940226
718,446,506,0.005313739008252573,9.831299287948479
806,25,506,0.005313739008252573,9.836613026956732
361,703,505,0.005303237547761954,9.841916264504494
476,476,505,0.005303237547761954,9.847219502052257
541,248,505,0.005303237547761954,9.852522739600019
66,798,504,0.005292736087271338,9.85781547568729
225,151,504,0.005292736087271338,9.863108211774563
14,126,503,0.00528223462678072,9.868390446401344
191,541,503,0.00528223462678072,9.873672681028125
321,194,503,0.00528223462678072,9.878954915654907
783,783,503,0.00528223462678072,9.884237150281688
801,154,503,0.00528223462678072,9.88951938490847
66,263,502,0.005271733166290102,9.89479111807476
77,14,502,0.005271733166290102,9.900062851241051
217,278,502,0.005271733166290102,9.905334584407342
222,248,502,0.005271733166290102,9.910606317573633
496,491,502,0.005271733166290102,9.915878050739924
512,512,502,0.005271733166290102,9.921149783906214
534,534,502,0.005271733166290102,9.926421517072505
190,177,501,0.005261231705799484,9.931682748778305
303,233,501,0.005261231705799484,9.936943980484106
374,810,501,0.005261231705799484,9.942205212189906
553,401,501,0.005261231705799484,9.947466443895706
681,644,501,0.005261231705799484,9.952727675601507
790,785,501,0.005261231705799484,9.957988907307307
17,101,500,0.005250730245308866,9.963239637552617
104,66,500,0.005250730245308866,9.968490367797926
272,321,500,0.005250730245308866,9.973741098043236
305,310,500,0.005250730245308866,9.978991828288546
14,803,499,0.005240228784818249,9.984232057073363
55,66,499,0.005240228784818249,9.98947228585818
191,229,499,0.005240228784818249,9.994712514642998
251,251,499,0.005240228784818249,9.999952743427816
515,613,499,0.005240228784818249,10.005192972212633
12,12,498,0.005229727324327631,10.01042269953696
71,361,498,0.005229727324327631,10.015652426861287
195,217,498,0.005229727324327631,10.020882154185614
350,213,498,0.005229727324327631,10.02611188150994
435,310,498,0.005229727324327631,10.031341608834268
24,19,497,0.005219225863837013,10.036560834698104
710,625,497,0.005219225863837013,10.04178006056194
271,114,496,0.005208724403346395,10.046988784965286
321,217,496,0.005208724403346395,10.052197509368632
801,217,496,0.005208724403346395,10.057406233771978
41,154,495,0.0051982229428557776,10.062604456714833
74,177,495,0.0051982229428557776,10.067802679657689
138,111,495,0.0051982229428557776,10.073000902600544
263,154,495,0.0051982229428557776,10.0781991255434
282,95,495,0.0051982229428557776,10.083397348486255
306,14,495,0.0051982229428557776,10.08859557142911
155,392,494,0.00518772148236516,10.093783292911475
237,87,494,0.00518772148236516,10.09897101439384
475,475,494,0.00518772148236516,10.104158735876204
655,707,494,0.00518772148236516,10.10934645735857
673,735,494,0.00518772148236516,10.114534178840934
687,687,494,0.00518772148236516,10.119721900323299
735,673,494,0.00518772148236516,10.124909621805664
755,405,494,0.00518772148236516,10.130097343288028
3,574,493,0.005177220021874543,10.135274563309903
401,251,493,0.005177220021874543,10.140451783331777
821,821,493,0.005177220021874543,10.145629003353651
134,458,492,0.005166718561383924,10.150795721915035
154,17,492,0.005166718561383924,10.155962440476419
462,462,492,0.005166718561383924,10.161129159037802
130,194,491,0.005156217100893307,10.166285376138696
154,335,491,0.005156217100893307,10.171441593239589
