station_id,salidas,llegadas,neto,total,desequilibrio_pct,station_name,longitude,latitude
361,125584,87133,-38451,212717,-18.08,"Waterloo Station 2, Waterloo",-0.113864,51.504
574,107628,86866,-20762,194494,-10.67,"Eagle Wharf Road, Hoxton",-0.09315,51.5336
93,43919,26874,-17045,70793,-24.08,"Cloudesley Road, Angel",-0.109025,51.5344
222,51202,37693,-13509,88895,-15.2,"Knightsbridge, Hyde Park",-0.15535,51.5028
225,89800,77283,-12517,167083,-7.49,"Notting Hill Gate Station, Notting Hill",-0.196422,51.5094
98,64964,52515,-12449,117479,-10.6,"Hampstead Road, Euston",-0.138231,51.5255
524,56453,44085,-12368,100538,-12.3,"Lancaster Gate, Bayswater",-0.179668,51.5117
45,77852,65618,-12234,143470,-8.53,"Boston Place, Marylebone",-0.162298,51.5225
189,32866,20737,-12129,53603,-22.63,"Claremont Square, Angel",-0.109915,51.5317
154,265974,253848,-12126,519822,-2.33,"Waterloo Station 3, Waterloo",-0.113864,51.504
339,29638,17706,-11932,47344,-25.2,"Risinghill Street, Angel",-0.1117809999999999,51.5333
351,50744,38853,-11891,89597,-13.27,"Macclesfield Rd, St Lukes",-0.097122,51.5294
326,77115,65317,-11798,142432,-8.28,"Graham Street, Angel",-0.0999811,51.5327
170,31889,20686,-11203,52575,-21.31,"Hardwick Street, Clerkenwell",-0.108068,51.5278
365,46658,35588,-11070,82246,-13.46,"City Road, Angel",-0.100168,51.5303
374,206698,196093,-10605,402791,-2.63,"Waterloo Station 1, Waterloo",-0.113864,51.504
253,64581,54253,-10328,118834,-8.69,"Shoreditch Park, Hoxton",-0.0863797,51.534
42,59028,48715,-10313,107743,-9.57,"Wenlock Road, Hoxton",-0.0939038,51.531000000000006
25,70278,60705,-9573,130983,-7.31,"Doric Way, Somers Town",-0.13225,51.5288
1,30013,20806,-9207,50819,-18.12,"River Street, Clerkenwell",-0.109971,51.5292
30,52519,43354,-9165,95873,-9.56,"Windsor Terrace, Hoxton",-0.0934216,51.5292
674,33316,24420,-8896,57736,-15.41,"Carnegie Street, King's Cross",-0.116191,51.5355
465,63326,54572,-8754,117898,-7.43,"Pitfield Street North,Hoxton",-0.08249,51.5356
333,57843,49092,-8751,106935,-8.18,"Palace Gardens Terrace, Notting Hill",-0.193764,51.5086
330,55509,46895,-8614,102404,-8.41,"Eastbourne Mews, Paddington",-0.179135,51.5164
410,49942,41348,-8594,91290,-9.41,"Edgware Road Station, Marylebone",-0.169774,51.52
489,53634,45103,-8531,98737,-8.64,"Christian Street, Whitechapel",-0.064094,51.5131
697,33884,25368,-8516,59252,-14.37,"Charlotte Terrace, Angel",-0.112721,51.5364
286,29411,20953,-8458,50364,-16.79,"St. John's Wood Road, St. John's Wood",-0.174654,51.5273
569,37040,28662,-8378,65702,-12.75,"Pitfield Street Central, Hoxton",-0.08299,51.5321
20,34325,26161,-8164,60486,-13.5,"Drummond Street, Euston",-0.135273,51.5277
540,45959,38137,-7822,84096,-9.3,"Albany Street, The Regent's Park",-0.144466,51.5283
254,58521,50769,-7752,109290,-7.09,"Chadwell Street, Angel",-0.1064079999999999,51.5305
327,17807,10264,-7543,28071,-26.87,"New North Road 1, Hoxton",-0.086016,51.5311
717,96385,89295,-7090,185680,-3.82,"Dunston Road, Haggerston",-0.0758857,51.5366
387,58964,51880,-7084,110844,-6.39,"Fire Brigade Pier, Vauxhall",-0.121394,51.4937
36,56763,49701,-7062,106464,-6.63,"De Vere Gardens, Kensington",-0.184981,51.5017
534,59703,52692,-7011,112395,-6.24,"Goldsmith's Row, Haggerston",-0.066035,51.5319
748,53231,46351,-6880,99582,-6.91,"Hertford Road, De Beauvoir Town",-0.0792018,51.5373
398,33825,27056,-6769,60881,-11.12,"Holland Park, Kensington",-0.200742,51.5023
151,38335,31579,-6756,69914,-9.66,"Chepstow Villas, Notting Hill",-0.2015549999999999,51.5121
247,33925,27307,-6618,61232,-10.81,"St. John's Wood Church, The Regent's Park",-0.168314,51.5301
178,46057,39507,-6550,85564,-7.66,"Warwick Square, Pimlico",-0.141924,51.4899
401,57039,50608,-6431,107647,-5.97,"Columbia Road, Shoreditch",-0.075375,51.5282
450,35104,28836,-6268,63940,-9.8,"Jubilee Street, Stepney",-0.0531769999999999,51.516000000000005
466,33640,27383,-6257,61023,-10.25,"Whiston Road, Haggerston",-0.0763409999999999,51.5345
63,30428,24296,-6132,54724,-11.21,"Murray Grove, Hoxton",-0.0897826,51.5309
702,43447,37442,-6005,80889,-7.42,"Durant Street, Bethnal Green",-0.0655503,51.5287
433,63924,58031,-5893,121955,-4.83,"Wren Street, Holborn",-0.116279,51.5246
699,27165,21272,-5893,48437,-12.17,"Belford House, Haggerston",-0.0702303,51.5367
117,45468,39694,-5774,85162,-6.78,"Lollard Street, Vauxhall",-0.114934,51.4929
31,54778,49155,-5623,103933,-5.41,"Fanshaw Street, Hoxton",-0.0833533,51.5295
560,15219,9627,-5592,24846,-22.51,"Ladbroke Grove Central, Ladbroke Grove",-0.205921,51.5116
362,37076,31527,-5549,68603,-8.09,"Royal College Street, Camden Town",-0.133952,51.5363
796,33637,28095,-5542,61732,-8.98,"Coram Street, Bloomsbury",-0.12641,51.524
243,52360,46907,-5453,99267,-5.49,"Gloucester Street, Pimlico",-0.139625,51.49100000000001
16,55357,49913,-5444,105270,-5.17,"Cartwright Gardens, Bloomsbury",-0.125979,51.5264
445,32048,26679,-5369,58727,-9.14,"Cheshire Street, Bethnal Green",-0.065076,51.5239
463,23249,17900,-5349,41149,-13.0,"Thurtle road, Haggerston",-0.071881,51.5348
397,60580,55237,-5343,115817,-4.61,"Devonshire Terrace, Bayswater",-0.17977,51.5135
394,26971,21634,-5337,48605,-10.98,"Aberdeen Place, St. John's Wood",-0.176268,51.5248
14,302906,297622,-5284,600528,-0.88,"Belgrove Street, King's Cross",-0.123617,51.5299
89,46665,41406,-5259,88071,-5.97,"Tavistock Place, Bloomsbury",-0.12351,51.5263
91,36518,31277,-5241,67795,-7.73,"Walnut Tree Walk, Vauxhall",-0.111015,51.4937
245,30681,25544,-5137,56225,-9.14,"Grosvenor Road, Pimlico",-0.142207,51.4854
291,37605,32491,-5114,70096,-7.3,"Claverton Street, Pimlico",-0.138089,51.4848
820,31782,26736,-5046,58518,-8.62,"Victory Place, Walworth",-0.092486949,51.49266501
26,34066,29177,-4889,63243,-7.73,"Ampton Street, Clerkenwell",-0.118295,51.5273
235,43427,38542,-4885,81969,-5.96,"Kennington Road, Vauxhall",-0.110889,51.4957
536,30673,25823,-4850,56496,-8.58,"Queensbridge Road, Haggerston",-0.06992,51.5339
500,57766,52927,-4839,110693,-4.37,"Ansell House, Stepney",-0.0557309999999999,51.5198
511,57241,52415,-4826,109656,-4.4,"Sutton Street, Shadwell",-0.053558,51.5111
123,29115,24406,-4709,53521,-8.8,"St. John Street, Finsbury",-0.104725,51.5284
449,64482,59805,-4677,124287,-3.76,"Shadwell Station, Shadwell",-0.057159,51.5111
186,78137,73541,-4596,151678,-3.03,"South Wharf Road, Paddington",-0.175811,51.5173
486,64977,60406,-4571,125383,-3.65,"Granby Street, Shoreditch",-0.069543,51.5256
512,72524,67954,-4570,140478,-3.25,"Pritchard's Road, Bethnal Green",-0.06142,51.5321
588,30490,26010,-4480,56500,-7.93,"Hoxton Street, Hoxton",-0.0801,51.5296
584,51755,47280,-4475,99035,-4.52,"Ilchester Gardens, Bayswater",-0.19096,51.5124
70,19713,15245,-4468,34958,-12.78,"Calshot Street, King's Cross",-0.11707,51.5314
344,30116,25675,-4441,55791,-7.96,"Goswell Road (City Uni), Finsbury",-0.101026,51.5282
322,31750,27325,-4425,59075,-7.49,"Palissy Street, Shoreditch",-0.0739549999999999,51.5263
695,103831,99413,-4418,203244,-2.17,"Islington Green, Angel",-0.1027579999999999,51.5364
533,43279,38889,-4390,82168,-5.34,"Wellington Row, Bethnal Green",-0.069743,51.5282
539,32232,27845,-4387,60077,-7.3,"Hoxton Station, Hoxton",-0.075901,51.5311
531,53363,49019,-4344,102382,-4.24,"Twig Folly Bridge, Mile End",-0.042744,51.5303
76,29549,25216,-4333,54765,-7.91,"Longford Street, The Regent's Park",-0.144084,51.5256
590,15545,11227,-4318,26772,-16.13,"Greenberry Street, St.John's Wood",-0.16862,51.5326
592,29277,24980,-4297,54257,-7.92,"Bishop's Bridge Road East, Bayswater",-0.18377,51.5171
312,40915,36635,-4280,77550,-5.52,"Grove End Road, St. John's Wood",-0.176771,51.5309
212,20596,16342,-4254,36938,-11.52,"Campden Hill Road, Notting Hill",-0.199004,51.5066
552,56432,52198,-4234,108630,-3.9,"Watney Street, Shadwell",-0.0566669999999999,51.5115
698,38062,33840,-4222,71902,-5.87,"Shoreditch Court, Haggerston",-0.0703294,51.5391
50,41650,37431,-4219,79081,-5.34,"East Road, Hoxton",-0.0874593999999999,51.5287
631,39613,35415,-4198,75028,-5.6,"Battersea Park Road, Nine Elms",-0.141771,51.4795
802,41793,37595,-4198,79388,-5.29,"Albert Square, Stockwell",-0.118256789,51.47659006
227,42173,38001,-4172,80174,-5.2,"Great Percy Street, Clerkenwell",-0.115481,51.5289
60,23796,19740,-4056,43536,-9.32,"Lisson Grove, St. John's Wood",-0.172191,51.5264
821,76233,72203,-4030,148436,-2.71,"Battersea Power Station, Battersea Park",-0.147702349,51.48351589
219,59614,55611,-4003,115225,-3.47,"Bramham Gardens, Earl's Court",-0.190394,51.4902
520,34250,30249,-4001,64499,-6.2,"Bancroft Road, Bethnal Green",-0.047218,51.526
238,23927,19934,-3993,43861,-9.1,"Frampton Street, Paddington",-0.175116,51.5234
80,42881,38940,-3941,81821,-4.82,"Webber Street, Southwark",-0.102091,51.5007
29,42625,38737,-3888,81362,-4.78,"Hereford Road, Bayswater",-0.193487,51.5137
544,41552,37669,-3883,79221,-4.9,"Percival Street, Finsbury",-0.102208,51.5262
279,43264,39382,-3882,82646,-4.7,"North Wharf Road, Paddington",-0.176646,51.5186
261,25362,21494,-3868,46856,-8.26,"Princes Square, Bayswater",-0.191351,51.5135
724,17724,13909,-3815,31633,-12.06,"Alma Road, Wandsworth",-0.184806,51.458
223,49930,46121,-3809,96051,-3.97,"Rodney Road, Walworth",-0.0902208999999999,51.4915
214,75948,72170,-3778,148118,-2.55,"Endsleigh Gardens, Euston",-0.130504,51.5268
501,34270,30495,-3775,64765,-5.83,"Cephas Street, Bethnal Green",-0.054883,51.5226
265,46090,42376,-3714,88466,-4.2,"Southwick Street, Paddington",-0.169249,51.516000000000005
507,25045,21355,-3690,46400,-7.95,"Clarkson Street, Bethnal Green",-0.059091,51.5287
164,32202,28600,-3602,60802,-5.92,"Cleveland Gardens, Bayswater",-0.183119,51.5156
553,144237,140654,-3583,284891,-1.26,"Regent's Row, Haggerston ",-0.062546,51.5357
51,37178,33615,-3563,70793,-5.03,"Finsbury Library, Finsbury",-0.104298,51.5267
483,42481,38923,-3558,81404,-4.37,"Albert Gardens, Stepney",-0.047784,51.5133
185,56353,52874,-3479,109227,-3.19,"Alderney Street, Pimlico",-0.140741,51.4881
337,34297,30827,-3470,65124,-5.33,"Pembridge Villas, Notting Hill",-0.197525,51.5111
363,13201,9739,-3462,22940,-15.09,"Lord's, St. John's Wood",-0.171185,51.5291
707,54096,50635,-3461,104731,-3.3,"Barons Court Station, West Kensington",-0.215087,51.4902
425,40579,37127,-3452,77706,-4.44,"Harrington Square 2, Camden Town",-0.139159,51.5334
294,57105,53656,-3449,110761,-3.11,"St. George's Square, Pimlico",-0.1356359999999999,51.4882
328,19564,16116,-3448,35680,-9.66,"New North Road 2, Hoxton",-0.086016,51.5311
424,47126,43695,-3431,90821,-3.78,"Ebury Bridge, Pimlico",-0.1491859999999999,51.4905
518,33915,30511,-3404,64426,-5.28,"Antill Road, Mile End",-0.037471,51.5282
535,46248,42852,-3396,89100,-3.81,"Gloucester Avenue, Camden Town",-0.147154,51.5373
208,16707,13340,-3367,30047,-11.21,"Mallory Street, Marylebone",-0.166304,51.5251
443,42073,38724,-3349,80797,-4.14,"Philpot Street, Whitechapel",-0.058641,51.5153
69,43548,40211,-3337,83759,-3.98,"Euston Road, Euston",-0.134408,51.5262
715,27040,23708,-3332,50748,-6.57,"Aylward Street, Stepney",-0.0490672,51.5156
498,40677,37351,-3326,78028,-4.26,"Bow Road Station, Bow",-0.025296,51.5271
258,28622,25301,-3321,53923,-6.16,"Kensington Gore, Knightsbridge",-0.1786569999999999,51.5014
408,19479,16163,-3316,35642,-9.3,"Paddington Green Police Station, Paddington",-0.170704,51.5199
65,38421,35109,-3312,73530,-4.5,"Gower Place, Euston",-0.135189,51.5252
103,23021,19729,-3292,42750,-7.7,"Vicarage Gate, Kensington",-0.192539,51.5047
100,40092,36866,-3226,76958,-4.19,"Albert Embankment, Vauxhall",-0.122807,51.4904
806,40869,37703,-3166,78572,-4.03,"Handyside Street, King's Cross",-0.1248099999999999,51.53724
609,25475,22328,-3147,47803,-6.58,"Sugden Road, Clapham",-0.157788,51.4651
722,33581,30449,-3132,64030,-4.89,"Finnis Street, Bethnal Green",-0.0586315,51.5246
110,31996,28883,-3113,60879,-5.11,"Wellington Road, St. John's Wood",-0.172529,51.533
131,28024,24913,-3111,52937,-5.88,"Eversholt Street, Camden Town",-0.136793,51.533
441,31114,28030,-3084,59144,-5.21,"Sail Street, Vauxhall",-0.114605,51.4957
485,48110,45059,-3051,93169,-3.27,"Old Ford Road, Bethnal Green",-0.048017,51.5311
307,212675,209673,-3002,422348,-0.71,"Black Lion Gate, Kensington Gardens",-0.187843,51.5099
176,34605,31634,-2971,66239,-4.49,"Gloucester Terrace, Bayswater",-0.188099,51.5179
67,59360,56395,-2965,115755,-2.56,"Hatton Garden, Holborn",-0.108028,51.5188
144,65513,62557,-2956,128070,-2.31,"Kennington Cross, Kennington",-0.111436,51.4889
204,36359,33423,-2936,69782,-4.21,"Margery Street, Clerkenwell",-0.1124329999999999,51.5266
439,19820,16904,-2916,36724,-7.94,"Killick Street, King's Cross",-0.118677,51.5338
651,31922,29015,-2907,60937,-4.77,"Thorndike Close, West Chelsea",-0.183854,51.4809
491,51068,48171,-2897,99239,-2.92,"Queen Mary's, Mile End",-0.041378,51.5225
61,43096,40219,-2877,83315,-3.45,"Great Dover Street, The Borough",-0.0894469,51.4974
90,16034,13159,-2875,29193,-9.85,"Harrington Square 1, Camden Town",-0.139175,51.533
62,25775,22924,-2851,48699,-5.85,"Cotton Garden Estate, Kennington",-0.106324,51.4908
759,17147,14303,-2844,31450,-9.04,"Broadley Terrace, Marylebone",-0.165669,51.5246
462,62816,59986,-2830,122802,-2.3,"Bonny Street, Camden Town",-0.138853,51.5416
620,34918,32088,-2830,67006,-4.22,"Surrey Lane, Battersea",-0.1671609999999999,51.4752
543,12699,9875,-2824,22574,-12.51,"Lansdowne Walk, Ladbroke Grove",-0.204666,51.5096
165,15947,13125,-2822,29072,-9.71,"Orsett Terrace, Bayswater",-0.183717,51.5179
444,43993,41171,-2822,85164,-3.31,"Bethnal Green Garden, Bethnal Green",-0.055312,51.5257
419,42708,39905,-2803,82613,-3.39,"Chelsea Bridge, Pimlico",-0.149004,51.4858
760,19464,16674,-2790,36138,-7.72,"Rossmore Road, Marylebone",-0.163795,51.5253
105,46268,43488,-2780,89756,-3.1,"Westbourne Grove, Bayswater",-0.190241,51.5155
654,35642,32870,-2772,68512,-4.05,"Ashmole Estate, Oval",-0.1176619999999999,51.4827
329,57394,54634,-2760,112028,-2.46,"Prince Albert Road, The Regent's Park",-0.160854,51.5359
561,27108,24377,-2731,51485,-5.3,"Rectory Square, Stepney",-0.043371,51.5184
7,28526,25816,-2710,54342,-4.99,"Charlbert Street, St. John's Wood",-0.168074,51.5343
94,64316,61624,-2692,125940,-2.14,"Bricklayers Arms, Borough",-0.0858145,51.4951
402,19765,17074,-2691,36839,-7.3,"Penfold Street, Marylebone",-0.171682,51.5229
290,81771,79090,-2681,160861,-1.67,"St Mary's Hospital, Westminster",-0.1711032,51.518268
367,31668,29010,-2658,60678,-4.38,"Harrowby Street, Marylebone",-0.164208,51.5174
451,30538,27884,-2654,58422,-4.54,"Hermitage Court, Wapping",-0.0635309999999999,51.5047
492,78338,75692,-2646,154030,-1.72,"The Green Bridge, Mile End",-0.03562,51.5247
390,24493,21857,-2636,46350,-5.69,"Buxton Street 1, Shoreditch",-0.068856,51.5218
21,16118,13497,-2621,29615,-8.85,"Hampstead Road (Cartmel), Euston",-0.138846,51.5301
671,68722,66131,-2591,134853,-1.92,"Parsons Green Station, Parsons Green",-0.201968,51.4751
604,20575,17996,-2579,38571,-6.69,"St Martins Close, Camden Town",-0.138535,51.5388
757,45859,43294,-2565,89153,-2.88,"Harcourt Terrace, West Brompton",-0.187405,51.488
75,47948,45387,-2561,93335,-2.74,"Torrens Street, Angel",-0.1054809999999999,51.5322
200,47649,45116,-2533,92765,-2.73,"LMU Commercial Road, Whitechapel",-0.066078,51.5149
321,81599,79084,-2515,160683,-1.57,"Bermondsey Street, Bermondsey",-0.081608,51.4979
370,13251,10743,-2508,23994,-10.45,"Paddington Green, Paddington",-0.174593,51.5202
550,27406,24908,-2498,52314,-4.78,"Harford Street, Mile End",-0.039264,51.5216
216,51571,49080,-2491,100651,-2.47,"Old Brompton Road, South Kensington",-0.181191,51.4909
86,29201,26716,-2485,55917,-4.44,"Sancroft Street, Vauxhall",-0.115157,51.4895
169,68256,65775,-2481,134031,-1.85,"Porchester Place, Paddington",-0.165164,51.5147
255,44317,41843,-2474,86160,-2.87,"Clifton Road, Maida Vale",-0.179593,51.5256
689,11037,8573,-2464,19610,-12.57,"Spanish Road, Clapham Junction",-0.180885,51.4592
28,63795,61340,-2455,125135,-1.96,"Bolsover Street, Fitzrovia",-0.143614,51.5235
505,27512,25069,-2443,52581,-4.65,"Ackroyd Drive, Bow",-0.026768,51.5204
700,39964,37532,-2432,77496,-3.14,"Battersea Church Road, Battersea",-0.174347,51.477
190,55820,53396,-2424,109216,-2.22,"Rampayne Street, Pimlico",-0.132846,51.49
568,58832,56408,-2424,115240,-2.1,"Bishop's Bridge Road West, Bayswater",-0.18697,51.5162
577,46029,43610,-2419,89639,-2.7,"Globe Town Market, Bethnal Green",-0.047548,51.5289
379,53185,50787,-2398,103972,-2.31,"Turquoise Island, Notting Hill",-0.200838,51.5143
37,52687,50293,-2394,102980,-2.32,"Penywern Road, Earl's Court",-0.192369,51.4916
625,88153,85804,-2349,173957,-1.35,"Queen's Circus, Battersea Park",-0.149552,51.4776
763,36485,34167,-2318,70652,-3.28,"Mile End Park Leisure Centre, Mile End",-0.0325665,51.5206
679,29261,26955,-2306,56216,-4.1,"Orbel Street, Battersea",-0.170211,51.4745
343,38324,36050,-2274,74374,-3.06,"London Zoo Car Park, The Regent's Park",-0.1501809999999999,51.5369
467,23162,20888,-2274,44050,-5.16,"Southern Grove, Bow",-0.030556,51.5235
96,31712,29442,-2270,61154,-3.71,"Falkirk Street, Hoxton",-0.0785054,51.531000000000006
768,57445,55192,-2253,112637,-2.0,"Clapham Common North Side, Clapham Common",-0.159322,51.4613
605,42626,40401,-2225,83027,-2.68,"Seymour Place, Marylebone",-0.163667,51.5203
436,82460,80236,-2224,162696,-1.37,"Red Lion Street, Holborn",-0.11655,51.5182
464,14266,12044,-2222,26310,-8.45,"St. Mary & St. Michael Church, Stepney",-0.052099,51.5142
761,33814,31599,-2215,65413,-3.39,"Humbolt Road, Fulham",-0.211861,51.4832
593,33023,30848,-2175,63871,-3.41,"Northdown Street, King's Cross",-0.11934,51.5311
152,43693,41521,-2172,85214,-2.55,"Hampton Street, Walworth",-0.101537,51.4922
267,39759,37597,-2162,77356,-2.79,"Regency Street, Westminster",-0.132225,51.4921
396,35340,33184,-2156,68524,-3.15,"Shouldham Street, Marylebone",-0.163609,51.5181
446,58171,56056,-2115,114227,-1.85,"York Hall, Bethnal Green",-0.055894,51.5289
793,29096,26996,-2100,56092,-3.74,"Cromer Street, Bloomsbury",-0.119559,51.5283
513,37370,35288,-2082,72658,-2.87,"Watney Market, Stepney",-0.055656,51.5142
470,30985,28918,-2067,59903,-3.45,"Mostyn Grove, Bow",-0.0254919999999999,51.5305
453,39706,37644,-2062,77350,-2.67,"Garnet Street, Shadwell",-0.0551669999999999,51.5084
734,19535,17475,-2060,37010,-5.57,"Plough Terrace, Clapham Junction",-0.175407,51.4623
666,40862,38812,-2050,79674,-2.57,"Olympia Way, Olympia",-0.2081579999999999,51.4961
645,42108,40065,-2043,82173,-2.49,"Great Suffolk Street, The Borough",-0.1002919999999999,51.5017
308,44608,42569,-2039,87177,-2.34,"Long Lane, Bermondsey",-0.0856663,51.4991
47,63712,61682,-2030,125394,-1.62,"Warwick Avenue Station, Maida Vale",-0.183846,51.5233
664,44919,42897,-2022,87816,-2.3,"Austin Road, Battersea Park",-0.155443,51.4744
488,43122,41108,-2014,84230,-2.39,"Reardon Street, Wapping",-0.058681,51.5069
670,35488,33490,-1998,68978,-2.9,"Ashley Crescent, Battersea",-0.152249,51.4672
612,42187,40196,-1991,82383,-2.42,"Wandsworth Rd, Isley Court, Wandsworth Road",-0.141813,51.4693
145,16144,14159,-1985,30303,-6.55,"Ilchester Place, Kensington",-0.202759,51.5007
490,19625,17647,-1978,37272,-5.31,"Pennington Street, Wapping",-0.065006,51.5086
188,32658,30689,-1969,63347,-3.11,"Nutford Place, Marylebone",-0.164394,51.5165
633,47515,45557,-1958,93072,-2.1,"Vereker Road, West Kensington",-0.209379,51.4896
712,41655,39701,-1954,81356,-2.4,"Mile End Stadium, Mile End",-0.0349036999999999,51.5185
171,32951,31007,-1944,63958,-3.04,"Collingham Gardens, Earl's Court",-0.186754,51.4916
293,24919,22980,-1939,47899,-4.05,"Kensington Olympia Station, Olympia",-0.209494,51.4982
836,18649,16719,-1930,35368,-5.46,"York Way, Kings Cross",-0.125442,51.541596000000006
614,22072,20168,-1904,42240,-4.51,"Bradmead, Battersea Park",-0.144691,51.4782
310,46498,44604,-1894,91102,-2.08,"Black Prince Road, Vauxhall",-0.1169119999999999,51.4909
817,47113,45251,-1862,92364,-2.02,"Riverlight South, Nine Elms",-0.13821289,51.48133503
749,58136,56290,-1846,114426,-1.61,"Haggerston Road, Haggerston",-0.0742847,51.5393
182,41710,39871,-1839,81581,-2.25,"Bell Street, Marylebone",-0.165843,51.522
618,33835,32003,-1832,65838,-2.78,"Eel Brook Common, Walham Green",-0.193254,51.4763
389,19595,17766,-1829,37361,-4.9,"Upper Grosvenor Street, Mayfair",-0.1557579999999999,51.5101
479,58801,56990,-1811,115791,-1.56,"Pott Street, Bethnal Green",-0.0580049999999999,51.5272
457,63735,61929,-1806,125664,-1.44,"Castlehaven Road, Camden Town",-0.145393,51.5421
727,48327,46521,-1806,94848,-1.9,"Chesilton Road, Fulham",-0.205876,51.4757
616,40506,38711,-1795,79217,-2.27,"Aintree Street, Fulham",-0.209973,51.481
495,46588,44794,-1794,91382,-1.96,"Bow Church Station, Bow",-0.018703,51.5282
295,43312,41525,-1787,84837,-2.11,"Swan Street, The Borough",-0.0927626999999999,51.5003
745,26207,24420,-1787,50627,-3.53,"Upcerne Road, West Chelsea",-0.1824349999999999,51.4782
617,21066,19283,-1783,40349,-4.42,"Elysium Place, Fulham",-0.2078429999999999,51.4711
248,174248,172486,-1762,346734,-0.51,"Triangle Car Park, Hyde Park",-0.17028,51.5065
11,49100,47342,-1758,96442,-1.82,"Brunswick Square, Bloomsbury",-0.122502,51.524
677,19951,18239,-1712,38190,-4.48,"Heath Road, Battersea",-0.146545,51.4687
624,31355,29652,-1703,61007,-2.79,"Courland Grove, Wandsworth Road",-0.132103,51.4729
239,74676,72979,-1697,147655,-1.15,"Warren Street Station, Euston",-0.138019,51.5244
107,93693,92006,-1687,185699,-0.91,"Finsbury Leisure Centre, St. Luke's",-0.0963176,51.526
758,34553,32867,-1686,67420,-2.5,"Westbourne Park Road, Portobello",-0.201005,51.5179
716,26163,24502,-1661,50665,-3.28,"Stainsby Road, Poplar",-0.023565,51.5154
630,24242,22584,-1658,46826,-3.54,"Clarence Walk, Stockwell",-0.126994,51.4707
680,73608,71954,-1654,145562,-1.14,"Westbridge Road, Battersea",-0.170329,51.4777
711,32037,30383,-1654,62420,-2.65,"Everington Street, Fulham",-0.216306,51.4834
155,42094,40446,-1648,82540,-2.0,"Lexham Gardens, Kensington",-0.191934,51.4959
619,31908,30261,-1647,62169,-2.65,"Irene Road, Parsons Green",-0.19701,51.4738
683,29008,27378,-1630,56386,-2.89,"Dorothy Road, Clapham Junction",-0.163751,51.4651
729,51500,49876,-1624,101376,-1.6,"St. Peter's Terrace, Fulham",-0.208485,51.4789
636,38375,36779,-1596,75154,-2.12,"South Park, Sands End",-0.193502,51.4671
332,30430,28849,-1581,59279,-2.67,"Nevern Place, Earl's Court",-0.194758,51.4933
43,51894,50323,-1571,102217,-1.54,"Crawford Street, Marylebone",-0.157184,51.5203
149,41309,39748,-1561,81057,-1.93,"Kennington Road Post Office, Oval",-0.1106829999999999,51.4848
720,30897,29367,-1530,60264,-2.54,"Star Road, West Kensington",-0.205279,51.4872
750,18204,16677,-1527,34881,-4.38,"Culvert Road, Battersea",-0.15785,51.4711
542,40603,39099,-1504,79702,-1.89,"Salmon Lane, Limehouse",-0.033828,51.5141
497,20714,19225,-1489,39939,-3.73,"Merchant Street, Bow",-0.028619,51.5265
714,17965,16505,-1460,34470,-4.24,"Stewart's Road, Wandsworth Road",-0.137235,51.4731
701,55567,54118,-1449,109685,-1.32,"Vicarage Crescent, Battersea",-0.176267,51.4729
142,34054,32613,-1441,66667,-2.16,"West Cromwell Road, Earl's Court",-0.198287,51.4937
596,62051,60615,-1436,122666,-1.17,"Parson's Green, Parson's Green",-0.199783,51.4728
746,35140,33719,-1421,68859,-2.06,"Lots Road, West Chelsea",-0.179039,51.4796
139,31725,30306,-1419,62031,-2.29,"Lambeth Road, Vauxhall",-0.117975,51.4949
580,44745,43327,-1418,88072,-1.61,"Doddington Grove, Kennington",-0.102996,51.4869
537,46049,44652,-1397,90701,-1.54,"Old Montague Street, Whitechapel",-0.067937,51.5179
287,32147,30751,-1396,62898,-2.22,"Bedford Way, Bloomsbury",-0.128378,51.5237
704,12088,10695,-1393,22783,-6.11,"Mexfield Road, East Putney",-0.202802,51.4568
19,45583,44192,-1391,89775,-1.55,"Taviton Street, Bloomsbury",-0.131161,51.5251
767,8757,7379,-1378,16136,-8.54,"Santos Road, Wandsworth",-0.2008059999999999,51.4571
78,54992,53620,-1372,108612,-1.26,"Sadlers Sports Centre, Finsbury",-0.0994895,51.5249
461,20593,19230,-1363,39823,-3.42,"Aston Street, Stepney",-0.038775,51.516000000000005
642,14680,13324,-1356,28004,-4.84,"Fawcett Close, Battersea",-0.174486,51.4692
643,23635,22280,-1355,45915,-2.95,"All Saints' Road, Portobello",-0.204764,51.519
124,28711,27365,-1346,56076,-2.4,"Eaton Square, Belgravia",-0.1509049999999999,51.4965
452,48587,47248,-1339,95835,-1.4,"St. Katharine's Way, Tower",-0.070542,51.5057
468,13821,12485,-1336,26306,-5.08,"Cantrell Road, Bow",-0.022694,51.5216
662,48181,46846,-1335,95027,-1.4,"Phene Street, Chelsea",-0.16792,51.485
297,14788,13458,-1330,28246,-4.71,"Geraldine Street, Elephant & Castle",-0.106001,51.4961
710,58728,57403,-1325,116131,-1.14,"Albert Bridge Road, Battersea Park",-0.163348,51.4744
77,57706,56389,-1317,114095,-1.15,"Russell Square Station, Bloomsbury",-0.124122,51.5234
752,5047,3752,-1295,8799,-14.72,"Manfred Road, East Putney",-0.206002,51.4582
648,17350,16059,-1291,33409,-3.86,"Peterborough Road, Sands End",-0.196275,51.469
635,39800,38544,-1256,78344,-1.6,"Greyhound Road, Hammersmith",-0.214428,51.4861
690,19433,18190,-1243,37623,-3.3,"Stanley Grove, Battersea",-0.15213,51.4705
549,34611,33373,-1238,67984,-1.82,"Gaywood Street, Elephant & Castle",-0.104193,51.496
459,48668,47448,-1220,96116,-1.27,"Gunmakers Lane, Old Ford",-0.03338,51.5352
421,58771,57560,-1211,116331,-1.04,"Southwark Station 2, Southwark",-0.1053119999999999,51.504
687,41863,40657,-1206,82520,-1.46,"Maclise Road, Olympia",-0.211456,51.4976
627,16635,15437,-1198,32072,-3.74,"Holden Street, Battersea",-0.1582309999999999,51.4688
158,37895,36701,-1194,74596,-1.6,"Trebovir Road, Earl's Court",-0.19617,51.4909
632,25523,24332,-1191,49855,-2.39,"Sheepcote Lane, Battersea",-0.163042,51.4705
655,27746,26556,-1190,54302,-2.19,"Crabtree Lane, Fulham",-0.219346,51.4829
611,27326,26143,-1183,53469,-2.21,"Princedale Road, Holland Park",-0.2084869999999999,51.5065
797,47015,45842,-1173,92857,-1.26,"Ossulston Street, Somers Town",-0.128281945,51.52930361
597,36115,34947,-1168,71062,-1.64,"Fulham Park Road, Fulham",-0.2078199999999999,51.4735
503,70626,69463,-1163,140089,-0.83,"Cleveland Way, Stepney",-0.051394,51.5209
271,38670,37511,-1159,76181,-1.52,"London Zoo, The Regent's Park",-0.1562849999999999,51.5358
676,43980,42849,-1131,86829,-1.3,"Hartington Road, Stockwell",-0.126874,51.4779
114,65398,64277,-1121,129675,-0.86,"Park Road (Baker Street), The Regent's Park",-0.158964,51.5245
268,63773,62652,-1121,126425,-0.89,"Belgrave Road, Victoria",-0.1441329999999999,51.4932
39,111665,110558,-1107,222223,-0.5,"Shoreditch High Street, Shoreditch",-0.0781309,51.5264
805,10341,9234,-1107,19575,-5.66,"Bevington Road, North Kensington",-0.206338208,51.52007391
637,15403,14307,-1096,29710,-3.69,"Spencer Park, Wandsworth Common",-0.174692,51.4579
371,16091,15003,-1088,31094,-3.5,"King Edward Walk, Waterloo",-0.1098799999999999,51.4978
565,17330,16244,-1086,33574,-3.23,"Selby Street, Whitechapel",-0.063386,51.5219
384,21928,20846,-1082,42774,-2.53,"Marloes Road, Kensington",-0.192404,51.4965
756,44304,43229,-1075,87533,-1.23,"Prince of Wales Drive, Battersea Park",-0.15917,51.4752
183,58546,57492,-1054,116038,-0.91,"Riverlight North, Nine Elms",-0.136124,51.4824
426,34505,33451,-1054,67956,-1.55,"Vincent Street, Pimlico",-0.129925,51.4931
770,26401,25348,-1053,51749,-2.03,"Gwendwr Road, West Kensington",-0.209121,51.49100000000001
615,41620,40569,-1051,82189,-1.28,"Finlay Street, Fulham",-0.215896,51.4769
548,15861,14820,-1041,30681,-3.39,"Westminster Bridge Road, Elephant & Castle",-0.107913,51.4984
721,27892,26855,-1037,54747,-1.89,"Wendon Street, Old Ford",-0.0262627,51.536
658,86348,85314,-1034,171662,-0.6,"Ethelburga Estate, Battersea Park",-0.164786,51.4773
739,36740,35713,-1027,72453,-1.42,"Hortensia Road, West Brompton",-0.185274,51.4818
234,63926,62906,-1020,126832,-0.8,"Liverpool Road (N1 Centre), Angel",-0.106993,51.5345
412,23580,22585,-995,46165,-2.16,"Cleaver Street, Kennington",-0.110121,51.4881
242,44653,43660,-993,88313,-1.12,"Beaumont Street, Marylebone",-0.151359,51.522
296,36576,35599,-977,72175,-1.35,"Knaresborough Place, Earl's Court",-0.190603,51.4936
472,7615,6667,-948,14282,-6.64,"Malmesbury Road, Bow",-0.027616,51.5295
660,29952,29019,-933,58971,-1.58,"West Kensington Station, West Kensington",-0.20603,51.4909
675,28177,27246,-931,55423,-1.68,"Usk Road, Clapham Junction",-0.182126,51.4635
148,49333,48409,-924,97742,-0.95,"Tachbrook Street, Victoria",-0.138365,51.4921
300,121574,120651,-923,242225,-0.38,"Serpentine Car Park, Hyde Park",-0.17273,51.505
499,42508,41592,-916,84100,-1.09,"Furze Green, Bow",-0.021345,51.5193
202,97453,96541,-912,193994,-0.47,"Leman Street, Aldgate",-0.0695419999999999,51.5124
782,42644,41740,-904,84384,-1.07,"Halford Road, West Kensington",-0.1976089999999999,51.4839
181,27856,26966,-890,54822,-1.62,"Belgrave Square, Belgravia",-0.152318,51.4994
599,21338,20456,-882,41794,-2.11,"Manbre Road, Hammersmith",-0.2236159999999999,51.4857
559,17285,16417,-868,33702,-2.58,"Abbotsbury Road, Holland Park",-0.2059909999999999,51.5014
774,16717,15851,-866,32568,-2.66,"Hurlingham Park, Parsons Green",-0.20464,51.4701
795,33332,32466,-866,65798,-1.32,"Euston Square Gardens, Euston",-0.134849,51.5276
686,29456,28595,-861,58051,-1.48,"Beryl Road, Hammersmith",-0.222456,51.4881
602,39715,38858,-857,78573,-1.09,"Union Grove, Wandsworth Road",-0.133972,51.473
640,34834,33996,-838,68830,-1.22,"Silverthorne Road, Battersea",-0.148059,51.4729
814,29436,28605,-831,58041,-1.43,"Clapham Road, Lingham Street, Stockwell",-0.1236707359999999,51.47143307
723,59201,58372,-829,117573,-0.71,"Stephendale Road, Sands End",-0.190346,51.4682
622,50009,49188,-821,99197,-0.83,"Lansdowne Road, Ladbroke Grove",-0.205536,51.5075
696,31902,31086,-816,62988,-1.3,"Charing Cross Hospital, Hammersmith",-0.217996,51.4873
726,34509,33693,-816,68202,-1.2,"Alfreda Street, Battersea Park",-0.150908,51.4751
262,32072,31258,-814,63330,-1.29,"LSBU (Borough Road), Elephant & Castle",-0.1031329999999999,51.4987
521,46621,45808,-813,92429,-0.88,"Driffield Road, Old Ford",-0.037366,51.5341
610,41736,40924,-812,82660,-0.98,"Danvers Street, West Chelsea",-0.172078,51.4826
121,43405,42596,-809,86001,-0.94,"Baker Street, Marylebone",-0.156167,51.5189
639,45739,44935,-804,90674,-0.89,"Coomer Place, West Kensington",-0.202039,51.4836
207,18588,17796,-792,36384,-2.18,"Grosvenor Crescent, Belgravia",-0.153195,51.5014
375,22290,21498,-792,43788,-1.81,"Kensington Town Hall, Kensington",-0.194393,51.5019
23,33127,32338,-789,65465,-1.21,"Red Lion Square, Holborn",-0.119123,51.5194
663,21966,21185,-781,43151,-1.81,"Clarendon Road, Avondale",-0.211594,51.5132
264,70054,69277,-777,139331,-0.56,"Tysoe Street, Clerkenwell",-0.1092569999999999,51.5264
626,56294,55527,-767,111821,-0.69,"Normand Park, West Kensington",-0.204815,51.4844
661,66821,66063,-758,132884,-0.57,"All Saints Church, Portobello",-0.2026089999999999,51.5163
515,19459,18709,-750,38168,-1.96,"Russell Gardens, Olympia",-0.2113159999999999,51.5001
478,66579,65830,-749,132409,-0.57,"Stepney Green Station, Stepney",-0.0466699999999999,51.5219
317,18433,17685,-748,36118,-2.07,"Dickens Square, Borough",-0.0939135,51.4968
731,31868,31120,-748,62988,-1.19,"Michael Road, Walham Green",-0.18921,51.4773
786,52732,51986,-746,104718,-0.71,"Lee Valley VeloPark, Queen Elizabeth Olympic Park",-0.0157176,51.5494
807,44637,43898,-739,88535,-0.83,"Bevington Road West, North Kensington",-0.208617281,51.52113388
623,16096,15363,-733,31459,-2.33,"Nantes Close, Wandsworth",-0.180792,51.4619
738,27949,27216,-733,55165,-1.33,"Imperial Road, Sands End",-0.187279,51.4751
517,30317,29595,-722,59912,-1.21,"Ford Road, Old Ford",-0.033085,51.5325
725,21431,20713,-718,42144,-1.7,"Walworth Square, Walworth",-0.096519,51.49132
480,76591,75894,-697,152485,-0.46,"Flamborough Street, Limehouse",-0.0389865999999999,51.5129
458,53492,52797,-695,106289,-0.65,"Wapping Lane, Wapping",-0.057544,51.5047
656,16514,15820,-694,32334,-2.15,"Broomhouse Lane, Parsons Green",-0.1991359999999999,51.4684
442,19317,18640,-677,37957,-1.78,"Walmer Road, Avondale",-0.211358,51.5101
56,42456,41785,-671,84241,-0.8,"Paddington Street, Marylebone",-0.154701,51.5206
34,31145,30487,-658,61632,-1.07,"Pancras Road, King's Cross",-0.129387,51.5341
496,28132,27496,-636,55628,-1.14,"Devons Road, Bow",-0.015578,51.5251
46,94601,93966,-635,188567,-0.34,"Nesham Street, Wapping",-0.06691,51.5071
719,68377,67743,-634,136120,-0.47,"Victoria Park Road, Hackney Central",-0.0541623,51.5364
213,177004,176371,-633,353375,-0.18,"Wellington Arch, Hyde Park",-0.149569,51.5027
644,42632,42004,-628,84636,-0.74,"Rainville Road, Hammersmith",-0.223852,51.4837
787,52307,51695,-612,104002,-0.59,"Timber Lodge, Queen Elizabeth Olympic Park",-0.0146912999999999,51.5468
634,31994,31383,-611,63377,-0.96,"Brook Green South, Brook Green",-0.215805,51.4943
156,36105,35498,-607,71603,-0.85,"New Kent Road, The Borough",-0.0929212,51.4944
688,19705,19127,-578,38832,-1.49,"Northfields, Wandsworth",-0.200668,51.461000000000006
8,30610,30067,-543,60677,-0.89,"Maida Vale, Maida Vale",-0.1834859999999999,51.529857
125,45795,45252,-543,91047,-0.6,"Borough High Street, The Borough",-0.0945243,51.5007
777,12574,12048,-526,24622,-2.14,"Limburg Road, Clapham Junction",-0.165298,51.4619
128,35994,35476,-518,71470,-0.72,"Emperor's Gate, South Kensington",-0.185297,51.4954
471,30250,29744,-506,59994,-0.84,"Hewison Street, Old Ford",-0.028155,51.5333
196,42641,42137,-504,84778,-0.59,"Union Street, The Borough",-0.0984977,51.5037
277,50311,49809,-502,100120,-0.5,"Kensington Church Street, Kensington",-0.191496,51.5032
657,24470,23973,-497,48443,-1.03,"Blythe Road West, Shepherd's Bush",-0.221792,51.4997
146,29077,28584,-493,57661,-0.85,"Vauxhall Bridge, Pimlico",-0.1293619999999999,51.4884
769,41610,41128,-482,82738,-0.58,"Sandilands Road, Walham Green",-0.191803,51.4736
487,17404,16924,-480,34328,-1.4,"Canton Street, Poplar",-0.025626,51.5118
187,43582,43127,-455,86709,-0.52,"Queen's Gate (South), South Kensington",-0.1784329999999999,51.4925
315,51970,51542,-428,103512,-0.41,"The Tennis Courts, The Regent's Park",-0.153464,51.5254
113,34026,33605,-421,67631,-0.62,"Gloucester Road (Central), South Kensington",-0.183289,51.4965
830,19354,18955,-399,38309,-1.04,"Sidney Road, Stockwell",-0.119023,51.469202
692,61492,61110,-382,122602,-0.31,"Cadogan Close, Victoria Park",-0.0289416,51.5421
257,36550,36169,-381,72719,-0.52,"Westminster University, Marylebone",-0.154907,51.5225
728,16259,15885,-374,32144,-1.16,"Putney Bridge Road, East Putney",-0.2062409999999999,51.462
134,35728,35356,-372,71084,-0.52,"Wapping High Street, Wapping",-0.06797,51.5049
484,18045,17679,-366,35724,-1.02,"Bromley High Street, Bow",-0.013258,51.5288
284,34747,34391,-356,69138,-0.51,"Lambeth North Station, Waterloo",-0.1120309999999999,51.4991
447,14672,14323,-349,28995,-1.2,"Jubilee Crescent, Cubitt Town",-0.007542,51.4934
111,148380,148033,-347,296413,-0.12,"Park Lane, Hyde Park",-0.157276,51.51
24,70596,70267,-329,140863,-0.23,"British Museum, Bloomsbury",-0.124678,51.5191
647,35723,35396,-327,71119,-0.46,"Richmond Way, Shepherd's Bush",-0.217515,51.5004
694,22022,21737,-285,43759,-0.65,"Putney Rail Station, Putney",-0.216526,51.4607
705,11238,10966,-272,22204,-1.23,"Upper Richmond Road, Putney",-0.212146,51.4597
606,17457,17186,-271,34643,-0.78,"Addison Road, Holland Park",-0.210941,51.5042
350,107907,107657,-250,215564,-0.12,"Queen's Gate, Kensington Gardens",-0.1798539999999999,51.5017
649,41256,41006,-250,82262,-0.3,"World's End Place, West Chelsea",-0.180275,51.4818
469,28701,28456,-245,57157,-0.43,"Lindfield Street, Poplar",-0.020467,51.5138
38,28043,27800,-243,55843,-0.44,"Abingdon Villas, Kensington",-0.197246,51.4974
404,129432,129191,-241,258623,-0.09,"Palace Gate, Kensington Gardens",-0.1844,51.502
546,59018,58782,-236,117800,-0.2,"New Fetter Lane, Holborn",-0.1079869999999999,51.5174
504,9059,8830,-229,17889,-1.28,"St. John's Park, Cubitt Town",-0.009506,51.4965
266,55838,55613,-225,111451,-0.2,"Queen's Gate (North), Kensington",-0.180246,51.501000000000005
754,15241,15016,-225,30257,-0.74,"Grenfell Road, Avondale",-0.214763,51.5129
747,38692,38479,-213,77171,-0.28,"Ormonde Gate, Chelsea",-0.161765,51.488
765,20807,20596,-211,41403,-0.51,"Ranelagh Gardens, Fulham",-0.206827,51.4676
153,103614,103404,-210,207018,-0.1,"Bayswater Road, Hyde Park",-0.174293,51.5118
68,61948,61743,-205,123691,-0.17,"Theobald's Road, Holborn",-0.116688,51.5206
526,14628,14423,-205,29051,-0.71,"Lancaster Drive, Blackwall",-0.008428,51.5031
161,29408,29208,-200,58616,-0.34,"Guildhouse Street, Victoria",-0.141334,51.4923
685,32304,32105,-199,64409,-0.31,"Osiers Road, Wandsworth",-0.198735,51.4607
168,32140,31943,-197,64083,-0.31,"Argyll Road, Kensington",-0.195456,51.5004
554,9254,9083,-171,18337,-0.93,"Aberfeldy Street, Poplar",-0.005659,51.5135
184,47287,47132,-155,94419,-0.16,"Portland Place, Marylebone",-0.1452119999999999,51.5207
502,23299,23156,-143,46455,-0.31,"Bonner Gate, Victoria Park",-0.0495918,51.3341
733,34361,34222,-139,68583,-0.2,"Park Lane, Mayfair",-0.150817,51.5054
816,13522,13409,-113,26931,-0.42,"Here East South, Queen Elizabeth Olympic Park",-0.022626668,51.54872406
191,300157,300051,-106,600208,-0.02,"Hyde Park Corner, Hyde Park",-0.153521,51.5031
282,88431,88334,-97,176765,-0.05,"Royal London Hospital, Whitechapel",-0.0596420999999999,51.5191
274,37790,37696,-94,75486,-0.12,"Warwick Road, Olympia",-0.205284,51.4967
828,25205,25125,-80,50330,-0.16,"Normandy Road, Stockwell",-0.112581,51.473874
744,11806,11735,-71,23541,-0.3,"Ingrave Street, Clapham Junction",-0.172293,51.4675
403,37965,37895,-70,75860,-0.09,"George Place Mews, Marylebone",-0.15825,51.5169
788,21930,21868,-62,43798,-0.14,"Copper Box Arena, Queen Elizabeth Olympic Park",-0.0195248,51.5448
283,16218,16159,-59,32377,-0.18,"Kingsway, Covent Garden",-0.118479,51.5144
206,65100,65052,-48,130152,-0.04,"New Road 1, Whitechapel",-0.06275,51.5181
545,35188,35150,-38,70338,-0.05,"Arlington Road, Camden Town",-0.145246,51.54
405,90131,90095,-36,180226,-0.02,"Gloucester Road Station, South Kensington",-0.182671,51.4942
600,43863,43835,-28,87698,-0.03,"South Lambeth Road, Vauxhall",-0.124642,51.4817
653,45643,45621,-22,91264,-0.02,"Simpson Street, Clapham Junction",-0.170704,51.4708
304,70,51,-19,121,-15.7,(estación 304),,
218,43986,43969,-17,87955,-0.02,"St. Luke's Church, Chelsea",-0.170194,51.4897
825,7,5,-2,12,-16.67,(estación 825),,
59,4,4,0,8,0.0,"Rodney Street, Angel",-0.114329,51.5318
241,9,9,0,18,0.0,(estación 241),,
595,46765,46765,0,93530,0.0,"Hammersmith Road, Hammersmith",-0.21985,51.4933
519,6732,6735,3,13467,0.02,"Teviot Street, Poplar",-0.011662,51.5188
823,2,7,5,9,55.56,(estación 823),,
650,35381,35388,7,70769,0.01,"St. Mark's Road, North Kensington",-0.2138719999999999,51.5169
778,59,69,10,128,7.81,Pop Up Dock 1,-0.0410899999999999,51.5338
299,22052,22070,18,44122,0.04,"Vincent Square, Westminster",-0.136929,51.494
319,52547,52576,29,105123,0.03,"Baldwin Street, St. Luke's",-0.0885428,51.527
346,85,119,34,204,16.67,(estación 346),,
578,28512,28554,42,57066,0.07,"Hollybush Gardens, Bethnal Green",-0.057133,51.5276
434,0,43,43,43,100.0,(estación 434),,
742,44016,44069,53,88085,0.06,"Blenheim Crescent, Ladbroke Grove",-0.208565,51.5151
231,39362,39435,73,78797,0.09,"Queen's Gate (Central), South Kensington",-0.178732,51.494
740,12044,12135,91,24179,0.38,"Sirdar Road, Avondale",-0.2145949999999999,51.5109
399,60003,60100,97,120103,0.08,"Brick Lane Market, Shoreditch",-0.071654,51.5226
576,16851,16955,104,33806,0.31,"Alpha Grove, Millwall",-0.022793,51.4973
33,62224,62329,105,124553,0.08,"Central House, Aldgate",-0.0678275,51.5168
835,15340,15449,109,30789,0.35,"Farringdon Street, Holborn",-0.1049478,51.516785
804,72010,72126,116,144136,0.08,"Good's Way, King's Cross",-0.125079,51.5347
482,3307,3444,137,6751,2.03,"Thornfield House, Poplar",-0.02377,51.5098
563,13503,13665,162,27168,0.6,"Preston's Road, Cubitt Town",-0.009152,51.4993
259,24201,24367,166,48568,0.34,"Bourne Street, Belgravia",-0.123248,51.5049
147,4228,4413,185,8641,2.14,"Portugal Street, Holborn",-0.116146,51.5149
435,35948,36137,189,72085,0.26,"Kennington Station, Kennington",-0.105593,51.4889
126,65370,65566,196,130936,0.15,"Museum of London, Barbican",-0.0964969,51.5178
460,36347,36548,201,72895,0.28,"Burdett Road, Mile End",-0.029138,51.5162
97,50927,51136,209,102063,0.2,"Gloucester Road (North), Kensington",-0.183835,51.4979
800,54390,54612,222,109002,0.2,"Sopwith Way, Battersea Park",-0.149035,51.4811
522,36938,37175,237,74113,0.32,"Clinton Road, Mile End",-0.036017,51.5259
454,19134,19375,241,38509,0.63,"Napier Avenue, Millwall",-0.021582,51.4877
586,12686,12953,267,25639,1.04,"Mudchute DLR, Cubitt Town",-0.014582,51.4906
784,51064,51334,270,102398,0.26,"East Village, Queen Elizabeth Olympic Park",-0.00993526,51.5463
834,22265,22538,273,44803,0.61,"Gas Holders, Battersea Park",-0.147857,51.477966
74,108933,109217,284,218150,0.13,"Vauxhall Cross, Vauxhall",-0.12447,51.4859
448,44751,45043,292,89794,0.33,"Fisherman's Walk West, Canary Wharf",-0.0229599999999999,51.5062
270,113575,113877,302,227452,0.13,"Kennington Lane Rail Bridge, Vauxhall",-0.122492,51.4863
311,29077,29389,312,58466,0.53,"Foley Street, Fitzrovia",-0.140486,51.5192
316,12371,12685,314,25056,1.25,"Warwick Row, Westminster",-0.1429606,51.497998
224,49119,49439,320,98558,0.32,"Queensway, Westminster",-0.1874024,51.51031
314,42279,42601,322,84880,0.38,"Tyers Gate, Bermondsey",-0.0831594,51.5009
529,40079,40401,322,80480,0.4,"Manresa Road, Chelsea",-0.170983,51.4869
678,9985,10313,328,20298,1.62,"Esmond Street, Putney",-0.211469,51.4623
551,16644,16977,333,33621,0.99,"Import Dock, Canary Wharf",-0.016233,51.5034
829,12745,13078,333,25823,1.29,"Wynne Road, Stockwell",-0.112687,51.469217
84,35494,35834,340,71328,0.48,"Breams Buildings, Holborn",-0.111778,51.5159
473,10597,10940,343,21537,1.59,"Millharbour, Millwall",-0.019355,51.4961
430,27687,28039,352,55726,0.63,"South Parade, Chelsea",-0.17524,51.489
771,15425,15790,365,31215,1.17,"Rifle Place, Avondale",-0.2160159999999999,51.5092
437,33543,33909,366,67452,0.54,"Vauxhall Walk, Vauxhall",-0.120903,51.4881
783,49423,49790,367,99213,0.37,"Monier Road, Hackney Wick",-0.0216304,51.5403
628,36998,37368,370,74366,0.5,"William Morris Way, Sands End",-0.184319,51.4688
431,26130,26503,373,52633,0.71,"Crinan Street, King's Cross",-0.1222029999999999,51.5345
523,11525,11907,382,23432,1.63,"Langdon Park, Poplar",-0.013475,51.5155
741,14643,15025,382,29668,1.29,"Freston Road, Avondale",-0.219487,51.513000000000005
298,88621,89009,388,177630,0.22,"Curlew Street, Shad Thames",-0.0741892,51.5023
665,27949,28339,390,56288,0.69,"Smugglers Way, Wandsworth",-0.191723,51.4611
736,16189,16584,395,32773,1.21,"Queensdale Road, Shepherd's Bush",-0.216104,51.5066
794,8330,8736,406,17066,2.38,"Lansdowne Way Bus Garage, Stockwell",-0.12458,51.4746
556,20466,20887,421,41353,1.02,"Heron Quays DLR, Canary Wharf",-0.021596,51.5027
516,24171,24598,427,48769,0.88,"Chrisp Street Market, Poplar",-0.014438,51.5112
608,5107,5535,428,10642,4.02,"Colet Gardens, Hammersmith",-0.216493,51.4911
827,32013,32450,437,64463,0.68,"Cranmer Road, Stockwell",-0.111481,51.479593
818,77015,77457,442,154472,0.29,"Westminster Pier, Westminster",-0.12382352,51.501513
249,28455,28900,445,57355,0.78,"Harper Road, The Borough",-0.0961911,51.4986
376,61602,62052,450,123654,0.36,"Millbank Tower, Pimlico",-0.125675,51.4919
220,32212,32663,451,64875,0.7,"Chelsea Green, Chelsea",-0.166485,51.4907
269,46676,47131,455,93807,0.49,"Empire Square, The Borough",-0.0897408,51.5008
9,50513,50977,464,101490,0.46,"New Globe Walk, Bankside",-0.0964408,51.5074
538,18568,19034,466,37602,1.24,"Naval Row, Blackwall",-0.00699,51.50899999999999
393,61044,61514,470,122558,0.38,"Snow Hill, Farringdon",-0.103604,51.5173
494,4079,4557,478,8636,5.53,"South Quay East, Canary Wharf",-0.0162509999999999,51.502
780,68352,68833,481,137185,0.35,"Imperial Wharf Station, Sands End",-0.183165,51.4747
57,58387,58871,484,117258,0.41,"Guilford Street, Bloomsbury",-0.1202029999999999,51.5233
607,40883,41368,485,82251,0.59,"Putney Bridge Station, Fulham",-0.210279,51.4688
345,78851,79341,490,158192,0.31,"Flood Street, Chelsea",-0.166879,51.488
667,33542,34039,497,67581,0.74,"Shepherd's Bush Road North, Shepherd's Bush",-0.222293,51.5016
163,61124,61627,503,122751,0.41,"Sloane Avenue, Knightsbridge",-0.167895,51.4932
673,35509,36017,508,71526,0.71,"Hibbert Street, Battersea",-0.180389,51.4652
106,30436,30946,510,61382,0.83,"Woodstock Street, Mayfair",-0.147302,51.5141
755,56782,57293,511,114075,0.45,"The Vale, Chelsea",-0.174972,51.4851
652,13902,14414,512,28316,1.81,"Evesham Street, Avondale",-0.21819,51.5115
713,23569,24090,521,47659,1.09,"Hawley Crescent, Camden Town",-0.143261,51.541
455,15397,15920,523,31317,1.67,"East Ferry Road, Cubitt Town",-0.014409,51.4945
659,13598,14127,529,27725,1.91,"Blackfriars Station, St. Paul's",-0.1030789,51.511934
353,21384,21939,555,43323,1.28,"Greycoat Street, Westminster",-0.134234,51.4946
22,58036,58595,559,116631,0.48,"Northington Street, Holborn",-0.114079,51.5223
237,50736,51310,574,102046,0.56,"Dock Street, Wapping",-0.0671763999999999,51.5084
209,25949,26525,576,52474,1.1,"Denyer Street, Knightsbridge",-0.165101,51.4936
743,14923,15527,604,30450,1.98,"Oxford Road, Putney",-0.212608,51.4608
423,27903,28547,644,56450,1.14,"Eaton Square (South), Belgravia",-0.153934,51.4946
772,66075,66753,678,132828,0.51,"Binfield Road, Stockwell",-0.122832,51.4725
474,3391,4083,692,7474,9.26,"Castalia Square, Cubitt Town",-0.011457,51.4981
276,33218,33916,698,67134,1.04,"Lower Thames Street, Monument",-0.0849853999999999,51.5093
409,53970,54674,704,108644,0.65,"Strata, Elephant & Castle",-0.099828,51.4931
573,91567,92273,706,183840,0.38,"Limerston Street, West Chelsea",-0.18119,51.4856
82,29329,30037,708,59366,1.19,"Chancery Lane, Holborn",-0.111257,51.5143
803,33724,34436,712,68160,1.04,"Southwark Street, Bankside",-0.098341088,51.50540994
530,14708,15426,718,30134,2.38,"Newby Place, Poplar",-0.0124129999999999,51.5089
92,38131,38850,719,76981,0.93,"Borough Road, Elephant & Castle",-0.100441,51.4989
72,43640,44364,724,88004,0.82,"Farringdon Lane, Clerkenwell",-0.10834,51.5235
12,89138,89888,750,179026,0.42,"Malet Street, Bloomsbury",-0.130432,51.5217
173,44394,45147,753,89541,0.84,"Waterloo Road, South Bank",-0.113001,51.5049
324,54403,55179,776,109582,0.71,"Ontario Street, Elephant & Castle",-0.101384,51.4965
236,33819,34602,783,68421,1.14,"Fashion Street, Whitechapel",-0.0734388999999999,51.5184
256,21071,21854,783,42925,1.82,"Houghton Street, Strand",-0.116764,51.5136
306,35611,36399,788,72010,1.09,"Rathbone Street, Fitzrovia",-0.135026,51.5182
440,46776,47575,799,94351,0.85,"Kennington Oval, Oval",-0.113134,51.4831
839,30788,31592,804,62380,1.29,"Sea Containers, South Bank",-0.1068403,51.507974
112,34459,35279,820,69738,1.18,"Stonecutter Street, Holborn",-0.10527,51.5158
669,17377,18215,838,35592,2.35,"Teversham Lane, Stockwell",-0.1232579999999999,51.4761
81,52026,52865,839,104891,0.8,"Great Titchfield Street, Fitzrovia",-0.141327,51.5203
812,21778,22627,849,44405,1.91,"Here East North, Queen Elizabeth Olympic Park",-0.022626668,51.54872406
589,64688,65547,859,130235,0.66,"Drayton Gardens, West Chelsea",-0.179369,51.4872
672,1568,2432,864,4000,21.6,"Grant Road Central, Clapham Junction",-0.173657,51.4647
737,102532,103406,874,205938,0.42,"Fulham Broadway, Walham Green",-0.194117,51.4799
380,26944,27826,882,54770,1.61,"Stanhope Gate, Mayfair",-0.150667,51.5069
167,83029,83914,885,166943,0.53,"Eccleston Place, Victoria",-0.147624,51.494
172,32995,33885,890,66880,1.33,"Sumner Place, South Kensington",-0.173716,51.4912
195,80545,81445,900,161990,0.56,"Milroy Walk, South Bank",-0.106238,51.5072
532,43229,44146,917,87375,1.05,"Jubilee Plaza, Canary Wharf",-0.020068,51.5036
391,4058,4992,934,9050,10.32,(estación 391),,
352,24208,25147,939,49355,1.9,"Vauxhall Street, Vauxhall",-0.116625,51.487
826,81476,82422,946,163898,0.58,"Allington street, Westminster",-0.142952,51.496858
240,19226,20191,965,39417,2.45,"Colombo Street, Southwark",-0.105692,51.5055
785,161430,162401,971,323831,0.3,"Aquatic Centre, Queen Elizabeth Olympic Park",-0.0105106,51.5409
303,210948,211920,972,422868,0.23,"Albert Gate, Hyde Park",-0.1584559999999999,51.503
201,49920,50916,996,100836,0.99,"Dorset Square, Marylebone",-0.161113,51.5226
477,17900,18898,998,36798,2.71,"Spindrift Avenue, Millwall",-0.018716,51.4911
613,63062,64104,1042,127166,0.82,"Woodstock Grove, Shepherd's Bush",-0.2174,51.504
789,74076,75123,1047,149199,0.7,"Podium, Queen Elizabeth Olympic Park",-0.0118894999999999,51.5387
591,32972,34036,1064,67008,1.59,"Westfield Library Corner, Shepherd's Bush",-0.2242239999999999,51.5061
10,31529,32598,1069,64127,1.67,"Park Street, Bankside",-0.0927542,51.506
52,42247,43320,1073,85567,1.25,"Roscoe Street, St. Luke's",-0.0949348999999999,51.523
432,66897,67977,1080,134874,0.8,"Exhibition Road Museums, South Kensington",-0.173894,51.497
629,10248,11343,1095,21591,5.07,"Morie Street, Wandsworth",-0.190184,51.46
138,75766,76870,1104,152636,0.72,"Green Street, Mayfair",-0.157437,51.5123
693,26975,28082,1107,55057,2.01,"Felsham Road, Putney",-0.215619,51.4648
838,13645,14812,1167,28457,4.1,"Fore Street Avenue, Guildhall",-0.0914016999999999,51.518093
570,47754,48931,1177,96685,1.22,"Upper Bank Street, Canary Wharf",-0.017676,51.5031
681,39760,40948,1188,80708,1.47,"Bishop's Avenue, Fulham",-0.21475,51.473
127,34324,35533,1209,69857,1.73,"Wood Street, Guildhall",-0.0938854,51.517
776,24167,25377,1210,49544,2.44,"Abyssinia Close, Clapham Junction",-0.1670289999999999,51.4603
87,52713,53935,1222,106648,1.15,"Devonshire Square, Liverpool Street",-0.0796846,51.5165
798,63318,64546,1228,127864,0.96,"Birkenhead Street, King's Cross",-0.122299,51.5302
730,45966,47209,1243,93175,1.33,"Bridge Avenue, Hammersmith",-0.229117,51.4921
691,57704,58950,1246,116654,1.07,"Erin Close, Walham Green",-0.195777,51.4795
132,149329,150593,1264,299922,0.42,"Bethnal Green Road, Shoreditch",-0.0747549,51.5236
232,18810,20079,1269,38889,3.26,"Carey Street, Holborn",-0.1127529999999999,51.515
79,19024,20324,1300,39348,3.3,"Arundel Street, Temple",-0.0971465,51.4912
166,57207,58519,1312,115726,1.13,"Seville Street, Knightsbridge",-0.159237,51.5019
381,45416,46737,1321,92153,1.43,"Charlotte Street, Fitzrovia",-0.135777,51.5195
355,8983,10305,1322,19288,6.85,"Oval Way, Vauxhall",-0.1172859999999999,51.4866
289,19798,21132,1334,40930,3.26,"South Audley Street, Mayfair",-0.151296,51.5092
372,39053,40387,1334,79440,1.68,"Sardinia Street, Holborn",-0.117863,51.5152
528,19936,21346,1410,41282,3.42,"Clarges Street, Mayfair",-0.1458269999999999,51.5073
475,25861,27275,1414,53136,2.66,"Lightermans Road, Millwall",-0.0201569999999999,51.499
766,40399,41820,1421,82219,1.73,"Ram Street, Wandsworth",-0.192166,51.4575
792,53946,55371,1425,109317,1.3,"Blackfriars Road, Southwark",-0.104541,51.5055
682,57585,59027,1442,116612,1.24,"Crisp Road, Hammersmith",-0.226606,51.4881
801,51327,52781,1454,104108,1.4,"Lavington Street, Bankside",-0.0980318,51.5052
305,21150,22607,1457,43757,3.33,"Kennington Lane Tesco, Vauxhall",-0.115854,51.4868
364,55590,57050,1460,112640,1.3,"Alfred Place, Bloomsbury",-0.132339,51.5197
280,50528,52049,1521,102577,1.48,"Royal Avenue 2, Chelsea",-0.162727,51.4899
775,25038,26560,1522,51598,2.95,"Little Brook Green, Brook Green",-0.2238679999999999,51.4967
260,49269,50811,1542,100080,1.54,"Broadwick Street, Soho",-0.135581,51.5137
250,28479,30029,1550,58508,2.65,"Royal Avenue 1, Chelsea",-0.162727,51.4899
119,74823,76375,1552,151198,1.03,"Bath Street, St. Luke's",-0.0908478,51.5259
601,32919,34472,1553,67391,2.3,"BBC White City, White City",-0.225787,51.5148
708,27038,28599,1561,55637,2.81,"Disraeli Road, Putney",-0.216146,51.4616
832,33224,34785,1561,68009,2.3,"Ferndale Road, Brixton. ",-0.115795,51.464016
638,72418,74025,1607,146443,1.1,"Falcon Road, Clapham Junction",-0.169821,51.4666
790,43811,45446,1635,89257,1.83,"Stratford Station, Stratford",-0.00481,51.5418
15,53727,55367,1640,109094,1.5,"Great Russell Street, Bloomsbury",-0.127854,51.5177
751,31620,33261,1641,64881,2.53,"Newton Street, Covent Garden",-0.1209089999999999,51.5161
684,27124,28770,1646,55894,2.94,"Neville Gill Close, Wandsworth",-0.195197,51.4548
547,26349,28008,1659,54357,3.05,"East India DLR, Blackwall",-0.002275,51.5095
13,34883,36574,1691,71457,2.37,"Scala Street, Fitzrovia",-0.13604,51.5199
347,45427,47125,1698,92552,1.83,"Lower Marsh, Waterloo",-0.113936,51.5001
377,28748,30449,1701,59197,2.87,"Waterloo Bridge, South Bank",-0.113657,51.5054
508,64914,66618,1704,131532,1.3,"Fournier Street, Whitechapel",-0.074431,51.5194
527,27331,29038,1707,56369,3.03,"Hansard Mews, Holland Park",-0.215808,51.5038
598,31380,33097,1717,64477,2.66,"Southerton Road, Hammersmith",-0.228188,51.4945
40,44905,46632,1727,91537,1.89,"Commercial Street, Shoreditch",-0.0755789,51.5213
275,42350,44099,1749,86449,2.02,"Barbican Centre, Barbican",-0.0921763999999999,51.52
808,11035,12810,1775,23845,7.44,"Stockwell Roundabout, Stockwell",-0.122556,51.4735
581,52384,54182,1798,106566,1.69,"New Cavendish Street, Marylebone",-0.147983,51.5192
378,51725,53527,1802,105252,1.71,"Natural History Museum, South Kensington",-0.179078,51.4956
506,46588,48442,1854,95030,1.95,"Bell Lane, Liverpool Street",-0.0758549999999999,51.5175
6,53940,55798,1858,109738,1.69,"Broadcasting House, Marylebone",-0.144229,51.5181
621,46824,48690,1866,95514,1.95,"Wandsworth Town Station, Wandsworth",-0.187427,51.4609
230,47789,49667,1878,97456,1.93,"Poured Lines, Bankside",-0.1031369999999999,51.5067
99,90126,92013,1887,182139,1.04,"Old Quebec Street, Marylebone",-0.158264,51.5146
476,11958,13852,1894,25810,7.34,"Stebondale Street, Cubitt Town",-0.009205,51.4891
562,38767,40689,1922,79456,2.42,"Bury Place, Holborn",-0.12335,51.5175
831,17588,19526,1938,37114,5.22,"St John's Crescent, Brixton",-0.1131839999999999,51.466231
668,41787,43759,1972,85546,2.31,"Ravenscourt Park Station, Hammersmith",-0.2367699999999999,51.4942
358,48388,50425,2037,98813,2.06,"High Holborn, Covent Garden",-0.124332,51.5164
58,64808,66848,2040,131656,1.55,"New Inn Yard, Shoreditch",-0.0792481,51.5245
54,49380,51436,2056,100816,2.04,"Golden Lane, Barbican",-0.0944751,51.5217
323,28470,30540,2070,59010,3.51,"Clifton Street, Shoreditch",-0.083067,51.5232
334,36971,39053,2082,76024,2.74,"Concert Hall Approach 1, South Bank",-0.115851,51.505
102,54116,56264,2148,110380,1.95,"Jewry Street, Aldgate",-0.0767934,51.5134
313,61418,63605,2187,125023,1.75,"Wells Street, Fitzrovia",-0.138073,51.5173
115,67518,69712,2194,137230,1.6,"Braham Street, Aldgate",-0.0735377,51.5142
641,31959,34159,2200,66118,3.33,"Archbishop's Park, Waterloo",-0.117496,51.4982
263,49007,51235,2228,100242,2.22,"St. Mary Axe, Aldgate",-0.0806601,51.5142
811,59373,61633,2260,121006,1.87,"Westferry Circus, Canary Wharf",-0.027775894,51.50569679
143,42158,44442,2284,86600,2.64,"Pont Street, Knightsbridge",-0.161204,51.4969
382,21635,23948,2313,45583,5.07,"Farm Street, Mayfair",-0.14745,51.5094
162,48769,51109,2340,99878,2.34,"Southampton Place, Holborn",-0.1213279999999999,51.5176
292,62937,65280,2343,128217,1.83,"Montpelier Street, Knightsbridge",-0.165472,51.4989
709,18422,20783,2361,39205,6.02,"Montserrat Road, Putney",-0.215551,51.4632
819,46404,48809,2405,95213,2.53,"Belvedere Road 2, South Bank",-0.114686,51.5061
509,35922,38330,2408,74252,3.24,"Fore Street, Guildhall",-0.090075,51.5178
809,36580,38998,2418,75578,3.2,"Lincoln's Inn Fields, Holborn",-0.114998086,51.51582693
180,46370,48808,2438,95178,2.56,"North Audley Street, Mayfair",-0.153645,51.5129
603,42860,45308,2448,88168,2.78,"Caldwell Street, Stockwell",-0.116493,51.4778
135,73209,75662,2453,148871,1.65,"Clerkenwell Green, Clerkenwell",-0.104709,51.5233
221,52190,54674,2484,106864,2.32,"Horseferry Road, Westminster",-0.130459,51.4948
17,80515,83114,2599,163629,1.59,"Hatton Wall, Holborn",-0.1090059999999999,51.5217
244,52873,55482,2609,108355,2.41,"Earnshaw Street, Covent Garden",-0.1285849999999999,51.5161
203,72165,74781,2616,146946,1.78,"West Smithfield Rotunda, Farringdon",-0.1007909999999999,51.5182
571,25096,27729,2633,52825,4.98,"Westfield Southern Terrace,Shepherd's Bush",-0.2183369999999999,51.5063
373,34964,37601,2637,72565,3.63,"Prince Consort Road, Knightsbridge",-0.176416,51.4998
718,54429,57163,2734,111592,2.45,"Ada Street, Hackney Central",-0.0602918,51.5357
566,28354,31098,2744,59452,4.62,"Westfield Ariel Way, White City",-0.224103,51.5092
368,51998,54801,2803,106799,2.62,"Harriet Street, Knightsbridge",-0.159341,51.5002
753,17271,20078,2807,37349,7.52,"Hammersmith Town Hall, Hammersmith",-0.234094,51.4926
514,43300,46151,2851,89451,3.19,"Portman Square, Marylebone",-0.155525,51.5162
735,46749,49601,2852,96350,2.96,"Grant Road East, Clapham Junction",-0.173029,51.4649
781,41115,43977,2862,85092,3.36,"Victoria & Albert Museum, South Kensington",-0.172065,51.4967
572,61672,64594,2922,126266,2.31,"Greenland Road, Camden Town",-0.141728,51.5391
799,25425,28411,2986,53836,5.55,"Kings Gate House, Westminster",-0.137599,51.4977
95,87623,90656,3033,178279,1.7,"Aldersgate Street, Barbican",-0.0973401999999999,51.5208
281,46849,49914,3065,96763,3.17,"Smith Square, Westminster",-0.127575,51.4958
120,31981,35179,3198,67160,4.76,"The Guildhall, Guildhall",-0.0930808,51.5157
779,42918,46126,3208,89044,3.6,"Houndsditch, Aldgate",-0.077179,51.5144
133,92768,96001,3233,188769,1.71,"Derry Street, Kensington",-0.191462,51.5014
481,47206,50460,3254,97666,3.33,"Saunders Ness Road, Cubitt Town",-0.009001,51.4871
395,58420,61710,3290,120130,2.74,"Cadogan Gardens, Chelsea",-0.159919,51.4925
157,68578,71892,3314,140470,2.36,"Wright's Lane, Kensington",-0.193068,51.5004
366,28166,31492,3326,59658,5.58,"Millennium Hotel, Mayfair",-0.151126,51.5109
101,137797,141270,3473,279067,1.24,"Queen Street 1, Bank",-0.0929401,51.5116
815,77633,81138,3505,158771,2.21,"Lambeth Palace Road, Waterloo",-0.115171479,51.50045247
85,72372,75884,3512,148256,2.37,"Tanner Street, Bermondsey",-0.0786003999999999,51.5006
2,59675,63198,3523,122873,2.87,"Phillimore Gardens, Kensington",-0.197574,51.4996
141,52195,55758,3563,107953,3.3,"Chapel Place, Marylebone",-0.147204,51.5153
356,113037,116622,3585,229659,1.56,"South Kensington Station, South Kensington",-0.173881,51.4944
810,68027,71666,3639,139693,2.6,"Tate Modern, Bankside",-0.098884952,51.50672097
357,59411,63160,3749,122571,3.06,"Howland Street, Fitzrovia",-0.139016,51.521
359,29879,33630,3751,63509,5.91,"Butler Place, Westminster",-0.135441,51.4978
557,29900,33726,3826,63626,6.01,"King Edward Street, St Pauls",-0.0985,51.516000000000005
301,66125,69955,3830,136080,2.81,"Marylebone Lane, Marylebone",-0.148105,51.5148
411,64345,68190,3845,132535,2.9,"Walworth Road, Elephant & Castle",-0.0996807,51.4934
318,50951,54844,3893,105795,3.68,"Sackville Street, Mayfair",-0.138846,51.51
341,137731,141636,3905,279367,1.4,"Craven Street, Strand",-0.126021,51.5081
118,30491,34399,3908,64890,6.02,"Rochester Row, Westminster",-0.135478,51.4958
129,55964,59888,3924,115852,3.39,"Golden Square, Soho",-0.137044,51.5119
41,52953,56901,3948,109854,3.59,"Pindar Street, Liverpool Street",-0.0839111999999999,51.52
558,60797,64776,3979,125573,3.17,"Page Street, Westminster",-0.127554,51.494
210,55581,59575,3994,115156,3.47,"Hinde Street, Marylebone",-0.151926,51.5168
160,64851,68970,4119,133821,3.08,"Waterloo Place, St. James's",-0.131774,51.5066
706,53165,57356,4191,110521,3.79,"Snowsfields, London Bridge",-0.0836329,51.5022
44,34429,38624,4195,73053,5.74,"Bruton Street, Mayfair",-0.144165,51.5107
325,37702,41969,4267,79671,5.36,"St. Martin's Street, West End",-0.129698,51.5091
88,66429,70706,4277,137135,3.12,"Bayley Street, Bloomsbury",-0.132053,51.5186
192,85510,89876,4366,175386,2.49,"Wardour Street, Soho",-0.133202,51.5125
594,42598,46979,4381,89577,4.89,"Kingsway Southbound, Strand",-0.117774,51.5139
420,32860,37285,4425,70145,6.31,"Southwark Station 1, Southwark",-0.1053119999999999,51.504
150,44572,49022,4450,93594,4.75,"Holy Trinity Brompton, Knightsbridge",-0.168917,51.4971
49,32385,36861,4476,69246,6.46,"Curzon Street, Mayfair",-0.145904,51.5071
174,49465,54049,4584,103514,4.43,"Strand, Strand",-0.115163,51.5125
400,52021,56619,4598,108640,4.23,"George Street, Marylebone",-0.154106,51.5177
18,89309,93911,4602,183220,2.51,"Drury Lane, Covent Garden",-0.12222,51.5148
73,112394,117015,4621,229409,2.01,"Old Street Station, St. Luke's",-0.0884862,51.5257
302,34390,39016,4626,73406,6.3,"Putney Pier, Wandsworth",-0.216573,51.4669
833,34886,39612,4726,74498,6.34,"Saltoun Road, Brixton",-0.115375,51.460232
211,34346,39240,4894,73586,6.65,"Cadogan Place, Knightsbridge",-0.158106,51.4946
4,31251,36209,4958,67460,7.35,"St. Chad's Street, King's Cross",-0.120974,51.5301
392,65614,70576,4962,136190,3.64,"Imperial College, Knightsbridge",-0.179702,51.4994
246,81485,86543,5058,168028,3.01,"Berry Street, Clerkenwell",-0.0999941,51.5229
288,67019,72193,5174,139212,3.72,"Elizabeth Bridge, Victoria",-0.147479,51.4924
272,100275,105577,5302,205852,2.58,"Baylis Road, Waterloo",-0.110699,51.5014
320,60017,65355,5338,125372,4.26,"Queen Mother Sports Centre, Victoria",-0.139956,51.4936
456,37119,42484,5365,79603,6.74,"Parkway, Camden Town",-0.144664,51.5381
83,68896,74368,5472,143264,3.82,"Panton Street, West End",-0.131511,51.5096
764,35034,40613,5579,75647,7.38,"St. John's Road, Clapham Junction",-0.168292,51.4624
383,60678,66292,5614,126970,4.42,"Frith Street, Soho",-0.131214,51.5131
386,81165,86825,5660,167990,3.37,"Moor Street, Soho",-0.1301109999999999,51.5135
348,46160,52086,5926,98246,6.03,"Grosvenor Square, Mayfair",-0.150481,51.5122
226,50195,56125,5930,106320,5.58,"Charles II Street, West End",-0.131961,51.5084
813,25909,31913,6004,57822,10.38,"New Spring Gardens Walk, Vauxhall",-0.122759626,51.48780745
388,65148,71223,6075,136371,4.45,"Southampton Street, Strand",-0.121724,51.5107
587,76531,82677,6146,159208,3.86,"Monument Street, Monument",-0.08497,51.5096
53,25712,31966,6254,57678,10.84,"Grafton Street, Mayfair",-0.143495,51.51
732,151743,158181,6438,309924,2.08,"Duke Street Hill, London Bridge",-0.087263,51.5063
5,75582,82099,6517,157681,4.13,"Sedding Street, Sloane Square",-0.156876,51.4931
177,92198,98745,6547,190943,3.43,"Ashley Place, Victoria",-0.140948,51.4962
136,70939,77499,6560,148438,4.42,"Queen Victoria Street, St. Paul's",-0.0974416999999999,51.512
309,47256,53860,6604,101116,6.53,"Embankment (Savoy), Strand",-0.119048,51.5096
27,60779,67604,6825,128383,5.32,"Bouverie Street, Temple",-0.107928,51.5138
646,61541,68387,6846,129928,5.27,"Buckingham Gate, Westminster",-0.137425,51.4989
340,86440,93429,6989,179869,3.89,"Bank of England Museum, Bank",-0.0875874,51.5144
104,128043,135176,7133,263219,2.71,"Crosswall, Tower",-0.0771213,51.5116
338,78466,85599,7133,164065,4.35,"Wellington Street, Strand",-0.119643,51.5118
541,115497,122639,7142,238136,3.0,"Green Park Station, Mayfair",-0.142844,51.5066
510,60241,67426,7185,127667,5.63,"Westferry DLR, Limehouse",-0.025996,51.5093
175,45920,53400,7480,99320,7.53,"Worship Street, Shoreditch",-0.0811189,51.5217
122,53034,60564,7530,113598,6.63,"Norton Folgate, Liverpool Street",-0.0788698,51.5211
773,71441,78973,7532,150414,5.01,"Tallis Street, Temple",-0.107349,51.5119
32,92562,100121,7559,192683,3.92,"Leonard Circus, Shoreditch",-0.0844393,51.5247
349,39444,47082,7638,86526,8.83,"St. George Street, Mayfair",-0.142783,51.512
197,54356,62343,7987,116699,6.84,"Stamford Street, South Bank",-0.111607,51.5056
140,66568,74733,8165,141301,5.78,"Finsbury Square, Moorgate",-0.0856342,51.521
427,129703,137976,8273,267679,3.09,"Cheapside, Bank",-0.0929403,51.514
3,54389,62663,8274,117052,7.07,"Christopher Street, Liverpool Street",-0.0846057,51.5213
48,84367,92912,8545,177279,4.82,"Godliman Street, St. Paul's",-0.0991414,51.5125
217,154760,163367,8607,318127,2.71,"Wormwood Street, Liverpool Street",-0.0824223999999999,51.5162
273,60052,68728,8676,128780,6.74,"Belvedere Road 1, South Bank",-0.114686,51.5061
336,36060,45227,9167,81287,11.28,"Concert Hall Approach 2, South Bank",-0.115851,51.505
116,97930,107248,9318,205178,4.54,"Little Argyll Street, West End",-0.141424,51.5145
215,93221,102760,9539,195981,4.87,"Moorfields, Moorgate",-0.0882853999999999,51.5191
130,119192,129660,10468,248852,4.21,"Tower Gardens, Tower",-0.0754595,51.5095
229,120199,130746,10547,250945,4.2,"Whitehall Place, Strand",-0.12318,51.5065
564,110084,120772,10688,230856,4.63,"Somerset House, Strand",-0.117619,51.5099
193,80900,91870,10970,172770,6.35,"Bankside Mix, Bankside",-0.100186,51.5058
428,111141,122269,11128,233410,4.77,"Exhibition Road, Knightsbridge",-0.174554,51.4999
331,70914,82345,11431,153259,7.46,"Bunhill Row, Moorgate",-0.0898878999999999,51.5209
199,108475,119942,11467,228417,5.02,"Great Tower Street, Monument",-0.0829896,51.5105
159,88439,99973,11534,188412,6.12,"Great Marlborough Street, Soho",-0.137841,51.5146
278,116567,128857,12290,245424,5.01,"Tooley Street, Bermondsey",-0.079621,51.5035
108,57435,70405,12970,127840,10.15,"Abbey Orchard Street, Westminster",-0.132102,51.4981
233,75572,89013,13441,164585,8.17,"Pall Mall East, West End",-0.1307,51.5078
762,146196,159673,13477,305869,4.41,"Storey's Gate, Westminster",-0.129699,51.5007
252,69774,83439,13665,153213,8.92,"Jubilee Gardens, South Bank",-0.116542,51.5046
354,68904,82693,13789,151597,9.1,"Northumberland Avenue, Strand",-0.1237019999999999,51.5068
360,70114,84674,14560,154788,9.41,"Howick Place, Westminster",-0.138734,51.4968
583,71034,85748,14714,156782,9.39,"Abingdon Green, Westminster",-0.125978,51.4976
55,121592,136423,14831,258015,5.75,"Finsbury Circus, Liverpool Street",-0.0866855,51.5171
335,64501,79434,14933,143935,10.37,"Tavistock Street, Covent Garden",-0.120719,51.512
703,71937,87669,15732,159606,9.86,"St. Bride Street, Holborn",-0.105344,51.5151
71,113147,134650,21503,247797,8.68,"Newgate Street, St. Paul's",-0.0988508999999999,51.5154
64,96367,118365,21998,214732,10.24,"William IV Street, Strand",-0.124749,51.5095
579,93547,115890,22343,209437,10.67,"Queen Street 2, Bank",-0.093051,51.5112
109,123236,146180,22944,269416,8.52,"Soho Square, Soho",-0.132329,51.5156
251,147822,178519,30697,326341,9.41,"Brushfield Street, Liverpool Street",-0.079249,51.5189
228,99768,131601,31833,231369,13.76,"St. James's Square, St. James's",-0.134621,51.5074
66,117818,174057,56239,291875,19.27,"Holborn Circus, Holborn",-0.1086569999999999,51.518
194,176231,237045,60814,413276,14.72,"Hop Exchange, The Borough",-0.0917738,51.5046
